source	target_relative_to_media_root	public_url	size_bytes	sha256
apps/web/public/vendor/valve/video/heroes-favorite/abaddon.webm	dota/heroes-favorite/abaddon.webm	https://prereborn.ru/media/dota/heroes-favorite/abaddon.webm	721315	89b2e6c381b755f8efd92d0755c04b1d50c27c1b88daaf7f7fb14fca431c793a
apps/web/public/vendor/valve/video/heroes-favorite/abyssal_underlord.webm	dota/heroes-favorite/abyssal_underlord.webm	https://prereborn.ru/media/dota/heroes-favorite/abyssal_underlord.webm	225019	b00715e1c7f3e6762c488781205bb52dcaeeef5f0d531cbbe878e3cb2b0e01de
apps/web/public/vendor/valve/video/heroes-favorite/alchemist.webm	dota/heroes-favorite/alchemist.webm	https://prereborn.ru/media/dota/heroes-favorite/alchemist.webm	190596	27c549da14db9dc44cbd87013252f0d7aa7d62f7fcc37fcb61ee2340be756cdf
apps/web/public/vendor/valve/video/heroes-favorite/ancient_apparition.webm	dota/heroes-favorite/ancient_apparition.webm	https://prereborn.ru/media/dota/heroes-favorite/ancient_apparition.webm	475599	ff7468050f7f5d5e85a5ffcd1102df766d3d738f617dde90154d0c5253b2a5ef
apps/web/public/vendor/valve/video/heroes-favorite/antimage.webm	dota/heroes-favorite/antimage.webm	https://prereborn.ru/media/dota/heroes-favorite/antimage.webm	175743	3e8f0f62c92154da50ebc88953eb378fb5e676a59ba2d2234a1c0a011b5b498f
apps/web/public/vendor/valve/video/heroes-favorite/arc_warden.webm	dota/heroes-favorite/arc_warden.webm	https://prereborn.ru/media/dota/heroes-favorite/arc_warden.webm	549363	f74579d5fbb39a7eff00f601156c4c7d62db84dc2c4c83e4513cbcf6fd31ad44
apps/web/public/vendor/valve/video/heroes-favorite/axe.webm	dota/heroes-favorite/axe.webm	https://prereborn.ru/media/dota/heroes-favorite/axe.webm	132241	5ee0758e78b31107777348d2b65c2a88d5f6b890f7c0a63a03c04cecac3463e2
apps/web/public/vendor/valve/video/heroes-favorite/bane.webm	dota/heroes-favorite/bane.webm	https://prereborn.ru/media/dota/heroes-favorite/bane.webm	411573	d036a7e49ba05104e2dd1a33df1bc6bcd7116210ee33abb1b42a5122d8f391b2
apps/web/public/vendor/valve/video/heroes-favorite/batrider.webm	dota/heroes-favorite/batrider.webm	https://prereborn.ru/media/dota/heroes-favorite/batrider.webm	1090703	a933f2e94669463a64617085f1f342946075977d5ed2f70bcc39b528761602a9
apps/web/public/vendor/valve/video/heroes-favorite/beastmaster.webm	dota/heroes-favorite/beastmaster.webm	https://prereborn.ru/media/dota/heroes-favorite/beastmaster.webm	534016	3b792bacb2c0f2a422676134fe9f54f7df5e80ea503003d6082ebfa441a7f073
apps/web/public/vendor/valve/video/heroes-favorite/bloodseeker.webm	dota/heroes-favorite/bloodseeker.webm	https://prereborn.ru/media/dota/heroes-favorite/bloodseeker.webm	196811	5d70f5a05a640c83bbb22017cb77759f36e8fa6a2b461b4761af9ef536bcea4e
apps/web/public/vendor/valve/video/heroes-favorite/bounty_hunter.webm	dota/heroes-favorite/bounty_hunter.webm	https://prereborn.ru/media/dota/heroes-favorite/bounty_hunter.webm	240823	efda91608c0d1d54c3286d5aa9094d05cd100458de02cf92e06816c8ee447dc8
apps/web/public/vendor/valve/video/heroes-favorite/brewmaster.webm	dota/heroes-favorite/brewmaster.webm	https://prereborn.ru/media/dota/heroes-favorite/brewmaster.webm	417677	5b0ec318621cfafff2e1c1996595dcf5e58fd9550392a3ec6115cc799e430167
apps/web/public/vendor/valve/video/heroes-favorite/bristleback.webm	dota/heroes-favorite/bristleback.webm	https://prereborn.ru/media/dota/heroes-favorite/bristleback.webm	298136	cdbc5c65906add38cd073bd26ecc8c704d85b2729472a3000f1c504e02e64188
apps/web/public/vendor/valve/video/heroes-favorite/broodmother.webm	dota/heroes-favorite/broodmother.webm	https://prereborn.ru/media/dota/heroes-favorite/broodmother.webm	855503	dc975a3406388ff8e13043448182f75f68698367323b38128a08526ece53f5fd
apps/web/public/vendor/valve/video/heroes-favorite/centaur.webm	dota/heroes-favorite/centaur.webm	https://prereborn.ru/media/dota/heroes-favorite/centaur.webm	347477	09ffd39b12d8f880b74ed0f0889a69ef195a7c847ee35d6ee0a787edafbfc03e
apps/web/public/vendor/valve/video/heroes-favorite/chaos_knight.webm	dota/heroes-favorite/chaos_knight.webm	https://prereborn.ru/media/dota/heroes-favorite/chaos_knight.webm	197847	604ce0c15ec3d44af8ebbfd05ebbef824c1a4a33de231d8e5e5f174b00e594a9
apps/web/public/vendor/valve/video/heroes-favorite/chen.webm	dota/heroes-favorite/chen.webm	https://prereborn.ru/media/dota/heroes-favorite/chen.webm	113326	451a684a3e9e8ee8092ce25b74b839bcc9fb6a5ebe5a68ff6296006ce037f297
apps/web/public/vendor/valve/video/heroes-favorite/clinkz.webm	dota/heroes-favorite/clinkz.webm	https://prereborn.ru/media/dota/heroes-favorite/clinkz.webm	393747	1db92d5d18b88c10b2eb74862eacc255da1ea45bcc448bd4568d39f31944ef28
apps/web/public/vendor/valve/video/heroes-favorite/crystal_maiden.webm	dota/heroes-favorite/crystal_maiden.webm	https://prereborn.ru/media/dota/heroes-favorite/crystal_maiden.webm	636485	8792be9d342dd8ce75698b4c6926e964826e14bdc7520b3d6c88f0a8efd455ea
apps/web/public/vendor/valve/video/heroes-favorite/dark_seer.webm	dota/heroes-favorite/dark_seer.webm	https://prereborn.ru/media/dota/heroes-favorite/dark_seer.webm	748598	d54c750ff97b7a552e9871ad8cc422c42bb994e8e89e1e1c2e88a36f8aab7b80
apps/web/public/vendor/valve/video/heroes-favorite/dark_willow.webm	dota/heroes-favorite/dark_willow.webm	https://prereborn.ru/media/dota/heroes-favorite/dark_willow.webm	296785	f46b10fb791969761c85e9e5d563b06c206b8f4848642bcba319feec7c401e3d
apps/web/public/vendor/valve/video/heroes-favorite/dawnbreaker.webm	dota/heroes-favorite/dawnbreaker.webm	https://prereborn.ru/media/dota/heroes-favorite/dawnbreaker.webm	378549	d45c4dd8b4933acce90833b99c56d66d9fdff65186bf29df28888fb4e47a6d4d
apps/web/public/vendor/valve/video/heroes-favorite/dazzle.webm	dota/heroes-favorite/dazzle.webm	https://prereborn.ru/media/dota/heroes-favorite/dazzle.webm	284126	20354cef25d8090529ce0f0fbef6b6f6aa113e7e071ccab0a9568a933c1cd9c5
apps/web/public/vendor/valve/video/heroes-favorite/death_prophet.webm	dota/heroes-favorite/death_prophet.webm	https://prereborn.ru/media/dota/heroes-favorite/death_prophet.webm	296778	cf9c6d8931197dd147b1e546bdf8800140a59aab695fed029889ab3ff5a0ade7
apps/web/public/vendor/valve/video/heroes-favorite/disruptor.webm	dota/heroes-favorite/disruptor.webm	https://prereborn.ru/media/dota/heroes-favorite/disruptor.webm	350853	91d1d3f862d9c35b357171ea1cf4a5813da7684dcf7b5a2528053ca77b74dfc4
apps/web/public/vendor/valve/video/heroes-favorite/doom_bringer.webm	dota/heroes-favorite/doom_bringer.webm	https://prereborn.ru/media/dota/heroes-favorite/doom_bringer.webm	279918	7819664cdb311f6e5a6bea68779762888c3696ae744447271c59b21cf9712649
apps/web/public/vendor/valve/video/heroes-favorite/dragon_knight.webm	dota/heroes-favorite/dragon_knight.webm	https://prereborn.ru/media/dota/heroes-favorite/dragon_knight.webm	58206	593448892eacc0dc8f7b771fb41950b22266e525815e4ffbb70a40374c78c83d
apps/web/public/vendor/valve/video/heroes-favorite/drow_ranger.webm	dota/heroes-favorite/drow_ranger.webm	https://prereborn.ru/media/dota/heroes-favorite/drow_ranger.webm	167696	bf40298a55e9390d719d9a994361bde2b9570055a298974c3d103fedf435569d
apps/web/public/vendor/valve/video/heroes-favorite/earth_spirit.webm	dota/heroes-favorite/earth_spirit.webm	https://prereborn.ru/media/dota/heroes-favorite/earth_spirit.webm	648678	7f881683e9b50414f796923c4485f5875b00a23d0de5ffa7626cddb37d83d0f9
apps/web/public/vendor/valve/video/heroes-favorite/earthshaker.webm	dota/heroes-favorite/earthshaker.webm	https://prereborn.ru/media/dota/heroes-favorite/earthshaker.webm	170821	c45f28ddd89a6cdcaea5b2c98bce5bfae5e45f47c0637cf7d173bdcf0999cd90
apps/web/public/vendor/valve/video/heroes-favorite/elder_titan.webm	dota/heroes-favorite/elder_titan.webm	https://prereborn.ru/media/dota/heroes-favorite/elder_titan.webm	184307	d54a4b107b93be34ef353852fabc295e1110ea41dd488cb6d57720cd8c3660cf
apps/web/public/vendor/valve/video/heroes-favorite/ember_spirit.webm	dota/heroes-favorite/ember_spirit.webm	https://prereborn.ru/media/dota/heroes-favorite/ember_spirit.webm	570077	e0a2198f4766546f96d70ee319ea4039540f51974b36feab37eb7db2e29dbd60
apps/web/public/vendor/valve/video/heroes-favorite/enchantress.webm	dota/heroes-favorite/enchantress.webm	https://prereborn.ru/media/dota/heroes-favorite/enchantress.webm	282380	a9e340e45d3de3789367839da98284176f5d39de1dc5852dcea84cd95d557bf8
apps/web/public/vendor/valve/video/heroes-favorite/enigma.webm	dota/heroes-favorite/enigma.webm	https://prereborn.ru/media/dota/heroes-favorite/enigma.webm	214893	651d216c11a0264404a153a750cd45570fc63c123ddd55a11b61bd63cf47d1b2
apps/web/public/vendor/valve/video/heroes-favorite/faceless_void.webm	dota/heroes-favorite/faceless_void.webm	https://prereborn.ru/media/dota/heroes-favorite/faceless_void.webm	227764	b243c8b0720d7569268cddde303874b7aa4033ed476b52fa90c8bdd701eeaa87
apps/web/public/vendor/valve/video/heroes-favorite/furion.webm	dota/heroes-favorite/furion.webm	https://prereborn.ru/media/dota/heroes-favorite/furion.webm	181848	892616868edb0a1e29ac079e4c0dfd000c8a8f05940bb6ee37167f2a79669cef
apps/web/public/vendor/valve/video/heroes-favorite/grimstroke.webm	dota/heroes-favorite/grimstroke.webm	https://prereborn.ru/media/dota/heroes-favorite/grimstroke.webm	537328	73379f6e83a8e7deb965622e12022bb14c2e04e7055387259881ab9d29123b25
apps/web/public/vendor/valve/video/heroes-favorite/gyrocopter.webm	dota/heroes-favorite/gyrocopter.webm	https://prereborn.ru/media/dota/heroes-favorite/gyrocopter.webm	1053388	055cec96222071ec1bf323784af40c17391a84dd6bcfdc9399e33627de8f8ee8
apps/web/public/vendor/valve/video/heroes-favorite/hoodwink.webm	dota/heroes-favorite/hoodwink.webm	https://prereborn.ru/media/dota/heroes-favorite/hoodwink.webm	579693	011afe761bc72d67eb5d4e77e83f27eb93950f0c9c4f2de76d0118e7a712494b
apps/web/public/vendor/valve/video/heroes-favorite/huskar.webm	dota/heroes-favorite/huskar.webm	https://prereborn.ru/media/dota/heroes-favorite/huskar.webm	267259	26761032d3f3de18c0d9002e3cbdde1e40bc9780084355458ba94b5cbb8d7b07
apps/web/public/vendor/valve/video/heroes-favorite/invoker.webm	dota/heroes-favorite/invoker.webm	https://prereborn.ru/media/dota/heroes-favorite/invoker.webm	320128	bd65ad69577706a926163c4bcc8eaa5933898cdbb2e31a6a8fdaaa14f4c58dc4
apps/web/public/vendor/valve/video/heroes-favorite/jakiro.webm	dota/heroes-favorite/jakiro.webm	https://prereborn.ru/media/dota/heroes-favorite/jakiro.webm	461206	2fcdd7b8de6cb7e465eac28938a6cdd962d88480505e16658fae134031518da1
apps/web/public/vendor/valve/video/heroes-favorite/juggernaut.webm	dota/heroes-favorite/juggernaut.webm	https://prereborn.ru/media/dota/heroes-favorite/juggernaut.webm	369793	8b16840bc567e955b5d50787dc1ebbfba583341f08f6b274a57a83a2d86f26bb
apps/web/public/vendor/valve/video/heroes-favorite/keeper_of_the_light.webm	dota/heroes-favorite/keeper_of_the_light.webm	https://prereborn.ru/media/dota/heroes-favorite/keeper_of_the_light.webm	296891	7e1cf15d6101801b80902f60551e21f816f2dd66502127a9a034a90702865a31
apps/web/public/vendor/valve/video/heroes-favorite/kez.webm	dota/heroes-favorite/kez.webm	https://prereborn.ru/media/dota/heroes-favorite/kez.webm	383588	367a3d0e7972b8a7ec9d7d407c0ddb233394c36b2f63e691b7c99a3b428beb7d
apps/web/public/vendor/valve/video/heroes-favorite/kunkka.webm	dota/heroes-favorite/kunkka.webm	https://prereborn.ru/media/dota/heroes-favorite/kunkka.webm	104036	f7d4bb0fbe176b14b706e9e1df538df948041c2f195609b74abe8eaf86b273bc
apps/web/public/vendor/valve/video/heroes-favorite/largo.webm	dota/heroes-favorite/largo.webm	https://prereborn.ru/media/dota/heroes-favorite/largo.webm	144237	a1e06cf085b4205a3540a04f76a3c9e97f0553a7bfb524b9125e5c7f661a1f76
apps/web/public/vendor/valve/video/heroes-favorite/legion_commander.webm	dota/heroes-favorite/legion_commander.webm	https://prereborn.ru/media/dota/heroes-favorite/legion_commander.webm	161944	9c228283e8edb3fa6d509225f6fdd4d87ce01f1426e55c8f6b82fbc070522b79
apps/web/public/vendor/valve/video/heroes-favorite/leshrac.webm	dota/heroes-favorite/leshrac.webm	https://prereborn.ru/media/dota/heroes-favorite/leshrac.webm	221349	d9da19e9321d692bf1ee90cae6c98f8d14425b90ae7b4f6206bbe71e7668cc77
apps/web/public/vendor/valve/video/heroes-favorite/lich.webm	dota/heroes-favorite/lich.webm	https://prereborn.ru/media/dota/heroes-favorite/lich.webm	366030	a71a726c3e4f86296567a9ec398cc467676b77e962603c07a91afd27924ea10e
apps/web/public/vendor/valve/video/heroes-favorite/life_stealer.webm	dota/heroes-favorite/life_stealer.webm	https://prereborn.ru/media/dota/heroes-favorite/life_stealer.webm	617125	2f496d4af713f582b2611099646d84eaa842b843de984797dcf7c48605521115
apps/web/public/vendor/valve/video/heroes-favorite/lina.webm	dota/heroes-favorite/lina.webm	https://prereborn.ru/media/dota/heroes-favorite/lina.webm	657634	1f1c08cd0a9d2f86643981a45584bccd5ca5e784849e6e39312da7fece1f9640
apps/web/public/vendor/valve/video/heroes-favorite/lion.webm	dota/heroes-favorite/lion.webm	https://prereborn.ru/media/dota/heroes-favorite/lion.webm	264692	b5f5d5f43d161f748c30efdcec9b7b31373e0a3bdbcaee411acec5412f43915a
apps/web/public/vendor/valve/video/heroes-favorite/lone_druid.webm	dota/heroes-favorite/lone_druid.webm	https://prereborn.ru/media/dota/heroes-favorite/lone_druid.webm	309173	febeb6da77743b1423b9d0591b4f9bf5e09251983965df18137bc17cb9df9ab7
apps/web/public/vendor/valve/video/heroes-favorite/luna.webm	dota/heroes-favorite/luna.webm	https://prereborn.ru/media/dota/heroes-favorite/luna.webm	595917	d6d642d3494fa73a89741bb6bc07e26c01576bf709de7852e368a0443ccc818d
apps/web/public/vendor/valve/video/heroes-favorite/lycan.webm	dota/heroes-favorite/lycan.webm	https://prereborn.ru/media/dota/heroes-favorite/lycan.webm	185307	99c705b51e7d7ddd8d9657aa400fdb656be0d1c355212829111c32a8daca8a1a
apps/web/public/vendor/valve/video/heroes-favorite/magnataur.webm	dota/heroes-favorite/magnataur.webm	https://prereborn.ru/media/dota/heroes-favorite/magnataur.webm	297228	750720b81d9b1d81d5e9d8dae75f3ba6d0eb81032197a5818fdbbf9f636e26af
apps/web/public/vendor/valve/video/heroes-favorite/marci.webm	dota/heroes-favorite/marci.webm	https://prereborn.ru/media/dota/heroes-favorite/marci.webm	115966	6a2888f34e9947151a02c67d6b6fd4885ba5575e285caaab1831a0aebd0017ce
apps/web/public/vendor/valve/video/heroes-favorite/mars.webm	dota/heroes-favorite/mars.webm	https://prereborn.ru/media/dota/heroes-favorite/mars.webm	306406	babe6251bd3cb5b8168aed9681d472276cfdd890c06626c0adb546a6cedba824
apps/web/public/vendor/valve/video/heroes-favorite/medusa.webm	dota/heroes-favorite/medusa.webm	https://prereborn.ru/media/dota/heroes-favorite/medusa.webm	438530	8af644d5bcbc1d9819119139e0840ec81a044cb77158f75e232fdb1b321005c0
apps/web/public/vendor/valve/video/heroes-favorite/meepo.webm	dota/heroes-favorite/meepo.webm	https://prereborn.ru/media/dota/heroes-favorite/meepo.webm	603317	52ceaff46f5bc2bae9daab05274ea2acd3bfc78b1353c0619cd875873c48870b
apps/web/public/vendor/valve/video/heroes-favorite/mirana.webm	dota/heroes-favorite/mirana.webm	https://prereborn.ru/media/dota/heroes-favorite/mirana.webm	129734	483e2d5508bbf0883283ceab2d1e54008b5c05e05f4df04af94e7ced0628b893
apps/web/public/vendor/valve/video/heroes-favorite/monkey_king.webm	dota/heroes-favorite/monkey_king.webm	https://prereborn.ru/media/dota/heroes-favorite/monkey_king.webm	545255	7060880ab442655877113c80bf3c1b27a751e134101f840a5521b426e6ef064a
apps/web/public/vendor/valve/video/heroes-favorite/morphling.webm	dota/heroes-favorite/morphling.webm	https://prereborn.ru/media/dota/heroes-favorite/morphling.webm	610438	06ecb4f36120814ea42a709cb560b61eb3689fe49786ba31b60f16ef8b4c0315
apps/web/public/vendor/valve/video/heroes-favorite/muerta.webm	dota/heroes-favorite/muerta.webm	https://prereborn.ru/media/dota/heroes-favorite/muerta.webm	700016	907ff30a69f880c27ad06267e31694e5242c97b863600df5cfb6cbbcca73d58c
apps/web/public/vendor/valve/video/heroes-favorite/naga_siren.webm	dota/heroes-favorite/naga_siren.webm	https://prereborn.ru/media/dota/heroes-favorite/naga_siren.webm	204308	ef8f2c1a549f0cb698559e91016ecd6f0935e260948ed0937cf704c61b61f73a
apps/web/public/vendor/valve/video/heroes-favorite/necrolyte.webm	dota/heroes-favorite/necrolyte.webm	https://prereborn.ru/media/dota/heroes-favorite/necrolyte.webm	226551	3c01757d036cd943cac03438e577c87dac9994ad4278207501830eba77038afc
apps/web/public/vendor/valve/video/heroes-favorite/nevermore.webm	dota/heroes-favorite/nevermore.webm	https://prereborn.ru/media/dota/heroes-favorite/nevermore.webm	484706	e2ee7ce1e566d08563408099b1b9c47fa2b4da0c3c09b37843a896171a163b94
apps/web/public/vendor/valve/video/heroes-favorite/night_stalker.webm	dota/heroes-favorite/night_stalker.webm	https://prereborn.ru/media/dota/heroes-favorite/night_stalker.webm	203846	aede0601eb2e2e7344f05b3e8fc834ab334e956e80dc0a09bcfe91e4d44975cf
apps/web/public/vendor/valve/video/heroes-favorite/nyx_assassin.webm	dota/heroes-favorite/nyx_assassin.webm	https://prereborn.ru/media/dota/heroes-favorite/nyx_assassin.webm	502342	7b371a642a4b5329318f050c474ba72810a84a85bebf37343fa27305b1af6ff6
apps/web/public/vendor/valve/video/heroes-favorite/obsidian_destroyer.webm	dota/heroes-favorite/obsidian_destroyer.webm	https://prereborn.ru/media/dota/heroes-favorite/obsidian_destroyer.webm	422809	94380b518b12d830db9f12c3e8f4ecb441f3cb7f60e77c37307c3abae3acfcaf
apps/web/public/vendor/valve/video/heroes-favorite/ogre_magi.webm	dota/heroes-favorite/ogre_magi.webm	https://prereborn.ru/media/dota/heroes-favorite/ogre_magi.webm	416525	2fcba1f5e4f17977966d17db3f1b529dc82f3d658cb5afc0936f6eab04f574cf
apps/web/public/vendor/valve/video/heroes-favorite/omniknight.webm	dota/heroes-favorite/omniknight.webm	https://prereborn.ru/media/dota/heroes-favorite/omniknight.webm	98152	01baeb7f97e892eeab4a5f8186c65e595d823c0394d9d9a95deb9d68eb35590e
apps/web/public/vendor/valve/video/heroes-favorite/oracle.webm	dota/heroes-favorite/oracle.webm	https://prereborn.ru/media/dota/heroes-favorite/oracle.webm	281914	2176f9dc0d48e32ca669243bc8bcbca07e98636bd7ee2207095dcdddab5516e7
apps/web/public/vendor/valve/video/heroes-favorite/pangolier.webm	dota/heroes-favorite/pangolier.webm	https://prereborn.ru/media/dota/heroes-favorite/pangolier.webm	205233	d6b22a7e485219419a8bc9fbf8bb795a138f7f22cbe85a1987f47098a63a5365
apps/web/public/vendor/valve/video/heroes-favorite/phantom_assassin.webm	dota/heroes-favorite/phantom_assassin.webm	https://prereborn.ru/media/dota/heroes-favorite/phantom_assassin.webm	173352	2d0de276b48ef78559b6861344121e45f8acc7034b4e1334bcc1c13c6ae6eaf2
apps/web/public/vendor/valve/video/heroes-favorite/phantom_lancer.webm	dota/heroes-favorite/phantom_lancer.webm	https://prereborn.ru/media/dota/heroes-favorite/phantom_lancer.webm	131574	dbfc25e2567b73cca91da12d853b34e8df4413d985d580281b96c4a94682ef90
apps/web/public/vendor/valve/video/heroes-favorite/phoenix.webm	dota/heroes-favorite/phoenix.webm	https://prereborn.ru/media/dota/heroes-favorite/phoenix.webm	715830	638ef3f40cd048221dddf5c482abf96acd9604a4bc2dfa25217b1a9092729d7a
apps/web/public/vendor/valve/video/heroes-favorite/primal_beast.webm	dota/heroes-favorite/primal_beast.webm	https://prereborn.ru/media/dota/heroes-favorite/primal_beast.webm	1214809	66313e15553a2443460cf946e44438ebf4183d0b7a04018bae8710e99dd6a8a3
apps/web/public/vendor/valve/video/heroes-favorite/puck.webm	dota/heroes-favorite/puck.webm	https://prereborn.ru/media/dota/heroes-favorite/puck.webm	1373333	0d53af04edc4cac5e3911422d8619695105f35029865210d7818e856900225c3
apps/web/public/vendor/valve/video/heroes-favorite/pudge.webm	dota/heroes-favorite/pudge.webm	https://prereborn.ru/media/dota/heroes-favorite/pudge.webm	137319	b613d6d5e95448af41b5383a123cb7ae63b2a8cfa11c243ae15ebb215233399e
apps/web/public/vendor/valve/video/heroes-favorite/pugna.webm	dota/heroes-favorite/pugna.webm	https://prereborn.ru/media/dota/heroes-favorite/pugna.webm	357267	81f9811cfacc97e3136e4fdd0f5cd1666de6fb4b4e7f08c3c84d5761e8f524cb
apps/web/public/vendor/valve/video/heroes-favorite/queenofpain.webm	dota/heroes-favorite/queenofpain.webm	https://prereborn.ru/media/dota/heroes-favorite/queenofpain.webm	160452	167f117ed081f520fe67ff19db23377b20ea3571df92a9055fb46734c9ed352c
apps/web/public/vendor/valve/video/heroes-favorite/rattletrap.webm	dota/heroes-favorite/rattletrap.webm	https://prereborn.ru/media/dota/heroes-favorite/rattletrap.webm	229266	cd099a4cfaad0e7cf1524b105eced26d644bfd1ec840c00367abfa0475dfd3f1
apps/web/public/vendor/valve/video/heroes-favorite/razor.webm	dota/heroes-favorite/razor.webm	https://prereborn.ru/media/dota/heroes-favorite/razor.webm	586092	5a5a70377d9e31a4e956d9e43625cd2422dfef233e280cd070df7ef5d0cdd9ee
apps/web/public/vendor/valve/video/heroes-favorite/riki.webm	dota/heroes-favorite/riki.webm	https://prereborn.ru/media/dota/heroes-favorite/riki.webm	258155	7d47d24952e51efb4eb8df622b34f80449703b3f7f99d0b90cf8554a3c4c7701
apps/web/public/vendor/valve/video/heroes-favorite/ringmaster.webm	dota/heroes-favorite/ringmaster.webm	https://prereborn.ru/media/dota/heroes-favorite/ringmaster.webm	1007057	0b7546d53a29322fa8f0bdf67cfa99594e02c4254ddaedd2fd0094581218ef43
apps/web/public/vendor/valve/video/heroes-favorite/rubick.webm	dota/heroes-favorite/rubick.webm	https://prereborn.ru/media/dota/heroes-favorite/rubick.webm	359858	284c8a820348a22dc9733149dccc16681204fa87d00cf95206c1fc883da8c330
apps/web/public/vendor/valve/video/heroes-favorite/sand_king.webm	dota/heroes-favorite/sand_king.webm	https://prereborn.ru/media/dota/heroes-favorite/sand_king.webm	134311	c95ff6f46df4026f275c58c4ae23d768afd332267d991c89c534b11975caf8a2
apps/web/public/vendor/valve/video/heroes-favorite/shadow_demon.webm	dota/heroes-favorite/shadow_demon.webm	https://prereborn.ru/media/dota/heroes-favorite/shadow_demon.webm	274232	7ed0c32c4d9d0b273f9d91b7c18adb96498a45a9b38fb43d4111e58b3b05caee
apps/web/public/vendor/valve/video/heroes-favorite/shadow_shaman.webm	dota/heroes-favorite/shadow_shaman.webm	https://prereborn.ru/media/dota/heroes-favorite/shadow_shaman.webm	456023	dd65f85019ccd13bcb3aa8a393592ec98ef0db846e97e53c587b3523d0b0363d
apps/web/public/vendor/valve/video/heroes-favorite/shredder.webm	dota/heroes-favorite/shredder.webm	https://prereborn.ru/media/dota/heroes-favorite/shredder.webm	911840	8432885fcfb6d7139b7819457de566da585ca3396ad947f8dab455b5f4dd1128
apps/web/public/vendor/valve/video/heroes-favorite/silencer.webm	dota/heroes-favorite/silencer.webm	https://prereborn.ru/media/dota/heroes-favorite/silencer.webm	127715	c36f40a37fa8cf6e31d1c1731ecf0543d2554dcfa34d8672de012f968b17ec71
apps/web/public/vendor/valve/video/heroes-favorite/skeleton_king.webm	dota/heroes-favorite/skeleton_king.webm	https://prereborn.ru/media/dota/heroes-favorite/skeleton_king.webm	763188	9dfbc4a2ab797dbcd1bb76e45125ef6d8d306027930ab302d549731311c4575c
apps/web/public/vendor/valve/video/heroes-favorite/skywrath_mage.webm	dota/heroes-favorite/skywrath_mage.webm	https://prereborn.ru/media/dota/heroes-favorite/skywrath_mage.webm	319408	3c3bc18c734216c283b83f2d37d9bf4e5a174a4cbde48c420641a8bf23d26e47
apps/web/public/vendor/valve/video/heroes-favorite/slardar.webm	dota/heroes-favorite/slardar.webm	https://prereborn.ru/media/dota/heroes-favorite/slardar.webm	378969	b629b74af4a773701305b0ce1b3efd014a4fcc3f53265c1348def9f3856fe7b0
apps/web/public/vendor/valve/video/heroes-favorite/slark.webm	dota/heroes-favorite/slark.webm	https://prereborn.ru/media/dota/heroes-favorite/slark.webm	217814	17e63c89e57cacddd6356aaeedfaf00003075cc28b53f62c3303c485e48fa9c0
apps/web/public/vendor/valve/video/heroes-favorite/snapfire.webm	dota/heroes-favorite/snapfire.webm	https://prereborn.ru/media/dota/heroes-favorite/snapfire.webm	478458	0694f730f86f72a6b2743a37ac0ed1412d5a6295aef08c2fd527292940b2603c
apps/web/public/vendor/valve/video/heroes-favorite/sniper.webm	dota/heroes-favorite/sniper.webm	https://prereborn.ru/media/dota/heroes-favorite/sniper.webm	440607	a2308218958323608272aaee2d14f4414feff0cde30a21daa0e2ec4a04bb6079
apps/web/public/vendor/valve/video/heroes-favorite/spectre.webm	dota/heroes-favorite/spectre.webm	https://prereborn.ru/media/dota/heroes-favorite/spectre.webm	179669	14ed72845ea6c86eb312ec7cb48fede3dde23bb46a67c29ffbecd957a15c8155
apps/web/public/vendor/valve/video/heroes-favorite/spirit_breaker.webm	dota/heroes-favorite/spirit_breaker.webm	https://prereborn.ru/media/dota/heroes-favorite/spirit_breaker.webm	333321	852fecffaa8835e38cb65107822fbb922859b3367fd91e10e6916fcc7ea39bc0
apps/web/public/vendor/valve/video/heroes-favorite/storm_spirit.webm	dota/heroes-favorite/storm_spirit.webm	https://prereborn.ru/media/dota/heroes-favorite/storm_spirit.webm	174695	69b160c3e54ae0cac1759aa1c5cde874d586509348b4260b15496bd5147f091d
apps/web/public/vendor/valve/video/heroes-favorite/sven.webm	dota/heroes-favorite/sven.webm	https://prereborn.ru/media/dota/heroes-favorite/sven.webm	123411	251893a286453740ce7d5ea299375aef931d8f17bab6cf0c355d4142d291eabe
apps/web/public/vendor/valve/video/heroes-favorite/techies.webm	dota/heroes-favorite/techies.webm	https://prereborn.ru/media/dota/heroes-favorite/techies.webm	309548	294b3e3281225c7fcab06303449d670a9f2604cb77040515401a7122feaabe43
apps/web/public/vendor/valve/video/heroes-favorite/templar_assassin.webm	dota/heroes-favorite/templar_assassin.webm	https://prereborn.ru/media/dota/heroes-favorite/templar_assassin.webm	391105	8c9bcc6bf0218cf45ec839a28941b864bb9c325f86300dcc68ec8be11b290dae
apps/web/public/vendor/valve/video/heroes-favorite/terrorblade.webm	dota/heroes-favorite/terrorblade.webm	https://prereborn.ru/media/dota/heroes-favorite/terrorblade.webm	606556	dbea564f5b5a49312072e838028a62405a6e3210d5e00d7aeb1e19c863e05689
apps/web/public/vendor/valve/video/heroes-favorite/tidehunter.webm	dota/heroes-favorite/tidehunter.webm	https://prereborn.ru/media/dota/heroes-favorite/tidehunter.webm	145983	207bd0e32e1ba73ed7cf6f5ef6af161dce3fd5a6ffe30376e1b1ee3ad42174a6
apps/web/public/vendor/valve/video/heroes-favorite/tinker.webm	dota/heroes-favorite/tinker.webm	https://prereborn.ru/media/dota/heroes-favorite/tinker.webm	263813	a57b9e25f2580c674f7fa1fb5ad4d3469a07349f8db8588be68187a011fc6154
apps/web/public/vendor/valve/video/heroes-favorite/tiny.webm	dota/heroes-favorite/tiny.webm	https://prereborn.ru/media/dota/heroes-favorite/tiny.webm	134163	10e9ffd5cb695caf1d7b79b696a432b876930a52fe8158ef5f50366ab7b25ac5
apps/web/public/vendor/valve/video/heroes-favorite/treant.webm	dota/heroes-favorite/treant.webm	https://prereborn.ru/media/dota/heroes-favorite/treant.webm	492679	61e53e4aa1f1968ebafdd2a77c51a2085cac8aee32d3dc3fbd1d0162955696b9
apps/web/public/vendor/valve/video/heroes-favorite/troll_warlord.webm	dota/heroes-favorite/troll_warlord.webm	https://prereborn.ru/media/dota/heroes-favorite/troll_warlord.webm	93843	779af9722d6262ec3dea3b061698145be2420f6ae81e3b3f9f86360fbee9fce2
apps/web/public/vendor/valve/video/heroes-favorite/tusk.webm	dota/heroes-favorite/tusk.webm	https://prereborn.ru/media/dota/heroes-favorite/tusk.webm	336607	1f2de6adc4c44289dba4bf0b49c9ec4dc768b3e094574dcb7e93565b7306c62f
apps/web/public/vendor/valve/video/heroes-favorite/undying.webm	dota/heroes-favorite/undying.webm	https://prereborn.ru/media/dota/heroes-favorite/undying.webm	111303	1eb73c00410d6f014d69e050880f396849fec84c44d38fb35dff361b72724a19
apps/web/public/vendor/valve/video/heroes-favorite/ursa.webm	dota/heroes-favorite/ursa.webm	https://prereborn.ru/media/dota/heroes-favorite/ursa.webm	177710	1d5b9a7c69aebee950de910c6c83882709ef781a5a7037b5664494fbc772e9fb
apps/web/public/vendor/valve/video/heroes-favorite/vengefulspirit.webm	dota/heroes-favorite/vengefulspirit.webm	https://prereborn.ru/media/dota/heroes-favorite/vengefulspirit.webm	376812	233dd19a0fa7e4178fd81606bf38f99e026e6abf142ef96449e71eba397e456c
apps/web/public/vendor/valve/video/heroes-favorite/venomancer.webm	dota/heroes-favorite/venomancer.webm	https://prereborn.ru/media/dota/heroes-favorite/venomancer.webm	330982	b50d2e3f76a72c4fab1b74cd597fab7404c644697fef5d5460deb91d6ebf5976
apps/web/public/vendor/valve/video/heroes-favorite/viper.webm	dota/heroes-favorite/viper.webm	https://prereborn.ru/media/dota/heroes-favorite/viper.webm	180042	0a1b7068bc9775d8843ac130536338db71c3e41a6beb6e53b182b0cad441e618
apps/web/public/vendor/valve/video/heroes-favorite/visage.webm	dota/heroes-favorite/visage.webm	https://prereborn.ru/media/dota/heroes-favorite/visage.webm	520307	923a7a5d3a56a740f3dfdfa05ef10abbf2be22a790d6955b51565245372f1179
apps/web/public/vendor/valve/video/heroes-favorite/void_spirit.webm	dota/heroes-favorite/void_spirit.webm	https://prereborn.ru/media/dota/heroes-favorite/void_spirit.webm	112448	7fb126ffd1b652ac9526f4681c999d37caefbb2b44e0e761bb01f066a60c7ac9
apps/web/public/vendor/valve/video/heroes-favorite/warlock.webm	dota/heroes-favorite/warlock.webm	https://prereborn.ru/media/dota/heroes-favorite/warlock.webm	510083	aff32ca8b561ed096102e995105bfe3ecba5155c6fcb67c778d9622569bc89ff
apps/web/public/vendor/valve/video/heroes-favorite/weaver.webm	dota/heroes-favorite/weaver.webm	https://prereborn.ru/media/dota/heroes-favorite/weaver.webm	203423	5c69b97f63d9a58191ac2ac9e1a346d0ae2068e0a232be67e0f2bc7d3645d909
apps/web/public/vendor/valve/video/heroes-favorite/windrunner.webm	dota/heroes-favorite/windrunner.webm	https://prereborn.ru/media/dota/heroes-favorite/windrunner.webm	681222	4f04609323192134760bfcc29e9521855e118a882b3c719261ad92e5b2a43564
apps/web/public/vendor/valve/video/heroes-favorite/winter_wyvern.webm	dota/heroes-favorite/winter_wyvern.webm	https://prereborn.ru/media/dota/heroes-favorite/winter_wyvern.webm	456987	156a04dbe8ba77f837edae6db0486c8b6d0d311093b766842e0f9a51e9e623a7
apps/web/public/vendor/valve/video/heroes-favorite/wisp.webm	dota/heroes-favorite/wisp.webm	https://prereborn.ru/media/dota/heroes-favorite/wisp.webm	157649	bf9db20bf09378e84cb8255ed5d1c614cca9b6b1d2d13cf3fb23ee78b91d84e0
apps/web/public/vendor/valve/video/heroes-favorite/witch_doctor.webm	dota/heroes-favorite/witch_doctor.webm	https://prereborn.ru/media/dota/heroes-favorite/witch_doctor.webm	126397	7699ebe8e0618075c2049920ec43f834795c730a289f64e4e349541816a196e1
apps/web/public/vendor/valve/video/heroes-favorite/zuus.webm	dota/heroes-favorite/zuus.webm	https://prereborn.ru/media/dota/heroes-favorite/zuus.webm	220333	2c283ace679128affdc4a0d9624d1a608801788654153d6059ae4cc2d0404808
apps/web/public/vendor/valve/video/heroes-featured/abaddon.webm	dota/heroes-featured/abaddon.webm	https://prereborn.ru/media/dota/heroes-featured/abaddon.webm	1997433	ec9471e38541b12a61b8505a7bb59a49a40df8ab1a4f8d17adaf038bd42809a6
apps/web/public/vendor/valve/video/heroes-featured/abyssal_underlord.webm	dota/heroes-featured/abyssal_underlord.webm	https://prereborn.ru/media/dota/heroes-featured/abyssal_underlord.webm	708701	6c667ed835820e38dccb763f59aa937488cf3369523484d51d64303887926129
apps/web/public/vendor/valve/video/heroes-featured/alchemist.webm	dota/heroes-featured/alchemist.webm	https://prereborn.ru/media/dota/heroes-featured/alchemist.webm	576728	75adb2f76cdfd23aa55b379c5e438954317d3e1d99b8a304e3dcfb7f38306d30
apps/web/public/vendor/valve/video/heroes-featured/ancient_apparition.webm	dota/heroes-featured/ancient_apparition.webm	https://prereborn.ru/media/dota/heroes-featured/ancient_apparition.webm	1259933	7b167e7bbb26e8da1b0ffdaec6533d5722c4481feb92fc02708e8e1592189b95
apps/web/public/vendor/valve/video/heroes-featured/antimage.webm	dota/heroes-featured/antimage.webm	https://prereborn.ru/media/dota/heroes-featured/antimage.webm	561578	59be6494f18697ced5f25cbee0b7f73d90ce1af617654fa1e9fc498302be9a6e
apps/web/public/vendor/valve/video/heroes-featured/arc_warden.webm	dota/heroes-featured/arc_warden.webm	https://prereborn.ru/media/dota/heroes-featured/arc_warden.webm	1701441	b059ced32f42285fecb9eef73f5b0c924f9b02ef2f77d3e476115be5ca6b74d3
apps/web/public/vendor/valve/video/heroes-featured/axe.webm	dota/heroes-featured/axe.webm	https://prereborn.ru/media/dota/heroes-featured/axe.webm	394885	e95ee54bd1801f9ae7a441cba088c653f9e069ec2bd4c56d11397e7e8113a267
apps/web/public/vendor/valve/video/heroes-featured/bane.webm	dota/heroes-featured/bane.webm	https://prereborn.ru/media/dota/heroes-featured/bane.webm	930746	a20fa0edf82fa5769a64afec0c7c70b07c24736ced82ea331fa7683dc343e72a
apps/web/public/vendor/valve/video/heroes-featured/batrider.webm	dota/heroes-featured/batrider.webm	https://prereborn.ru/media/dota/heroes-featured/batrider.webm	2506574	68640833c65d473c801e4652cc57c7fb2e68dfcec3a547c326fa9093e944c195
apps/web/public/vendor/valve/video/heroes-featured/beastmaster.webm	dota/heroes-featured/beastmaster.webm	https://prereborn.ru/media/dota/heroes-featured/beastmaster.webm	1249956	566215c722d89533928fe2feb5b51d8c4cc803f1dc9ba1dfb918c0e250e11e94
apps/web/public/vendor/valve/video/heroes-featured/bloodseeker.webm	dota/heroes-featured/bloodseeker.webm	https://prereborn.ru/media/dota/heroes-featured/bloodseeker.webm	575592	7c6fcea57be0f227311efb99c0975a00cd87112b86fcab29b3ba226e3668d8f0
apps/web/public/vendor/valve/video/heroes-featured/bounty_hunter.webm	dota/heroes-featured/bounty_hunter.webm	https://prereborn.ru/media/dota/heroes-featured/bounty_hunter.webm	625606	37fd811f99a27be74477e34b06d45aaf227bb5cf2ab337cefe2d3dac30454879
apps/web/public/vendor/valve/video/heroes-featured/brewmaster.webm	dota/heroes-featured/brewmaster.webm	https://prereborn.ru/media/dota/heroes-featured/brewmaster.webm	1012696	57b541b515545f2c8db2623abf1fe8ec7d179012a8a8abe3fb040806ea3dc32e
apps/web/public/vendor/valve/video/heroes-featured/bristleback.webm	dota/heroes-featured/bristleback.webm	https://prereborn.ru/media/dota/heroes-featured/bristleback.webm	814741	f45529ba232caa727549332fb3936c0da0bb1b9c3a3ded21ad81b56af0910272
apps/web/public/vendor/valve/video/heroes-featured/broodmother.webm	dota/heroes-featured/broodmother.webm	https://prereborn.ru/media/dota/heroes-featured/broodmother.webm	2075988	6729ac319e0ec22577959106019ba80edf3bf7c5d7bf7794232c8ff656755dd2
apps/web/public/vendor/valve/video/heroes-featured/centaur.webm	dota/heroes-featured/centaur.webm	https://prereborn.ru/media/dota/heroes-featured/centaur.webm	863075	d832cd1d56fa3634cb85e21d235c0e480be56b1e81a49d25f8cf183d0153dacf
apps/web/public/vendor/valve/video/heroes-featured/chaos_knight.webm	dota/heroes-featured/chaos_knight.webm	https://prereborn.ru/media/dota/heroes-featured/chaos_knight.webm	623434	4612d8b9a807eb7d49bcddf3132f10f0a084cb6e7b39cbd22181f674fd9a3ee0
apps/web/public/vendor/valve/video/heroes-featured/chen.webm	dota/heroes-featured/chen.webm	https://prereborn.ru/media/dota/heroes-featured/chen.webm	354275	8a211782bc30ffa42a7fb289b770f32c260ec9091c5f931a646cf4f587876d42
apps/web/public/vendor/valve/video/heroes-featured/clinkz.webm	dota/heroes-featured/clinkz.webm	https://prereborn.ru/media/dota/heroes-featured/clinkz.webm	977194	a033af2035eb71c2bbe56d312f8433b382a6754ca29d6317d7836d625fa28ee0
apps/web/public/vendor/valve/video/heroes-featured/crystal_maiden.webm	dota/heroes-featured/crystal_maiden.webm	https://prereborn.ru/media/dota/heroes-featured/crystal_maiden.webm	1595460	aefb19e56d8c598049c7ed45229ce01743b8f18d857a011a4bb8fae7922ca717
apps/web/public/vendor/valve/video/heroes-featured/dark_seer.webm	dota/heroes-featured/dark_seer.webm	https://prereborn.ru/media/dota/heroes-featured/dark_seer.webm	1928202	631a7bb9a73df8e0e76420d7dc9a6cb3b8f74bb9d828de9abf12368d231f4111
apps/web/public/vendor/valve/video/heroes-featured/dark_willow.webm	dota/heroes-featured/dark_willow.webm	https://prereborn.ru/media/dota/heroes-featured/dark_willow.webm	931606	bde67132c125776264037d5f2e82e859fb79d65abe4b435d8711774011b1ac4e
apps/web/public/vendor/valve/video/heroes-featured/dawnbreaker.webm	dota/heroes-featured/dawnbreaker.webm	https://prereborn.ru/media/dota/heroes-featured/dawnbreaker.webm	1265252	134e67bbffdfcf0d944e074152a108c52c2dea31c38992a0edfbf1978ce212de
apps/web/public/vendor/valve/video/heroes-featured/dazzle.webm	dota/heroes-featured/dazzle.webm	https://prereborn.ru/media/dota/heroes-featured/dazzle.webm	743558	ee9367948743f0d199d126d30ff33d2b01ee45924fd0a9d4f4af5070863e4cc9
apps/web/public/vendor/valve/video/heroes-featured/death_prophet.webm	dota/heroes-featured/death_prophet.webm	https://prereborn.ru/media/dota/heroes-featured/death_prophet.webm	904386	06c5fbe0d2a48446a14f0984e5bb9f12bbcce141c02ea69f863ab39539b0f8b7
apps/web/public/vendor/valve/video/heroes-featured/disruptor.webm	dota/heroes-featured/disruptor.webm	https://prereborn.ru/media/dota/heroes-featured/disruptor.webm	960725	5550439619dee0c3b05af1cb8d025ae28d836f2843b7fe658a3c42a7b6ed4c2d
apps/web/public/vendor/valve/video/heroes-featured/doom_bringer.webm	dota/heroes-featured/doom_bringer.webm	https://prereborn.ru/media/dota/heroes-featured/doom_bringer.webm	856252	35f69edf0c4540399ae740da2543b5e5e156ae41f3ef584c8c7d5a198093118c
apps/web/public/vendor/valve/video/heroes-featured/dragon_knight.webm	dota/heroes-featured/dragon_knight.webm	https://prereborn.ru/media/dota/heroes-featured/dragon_knight.webm	180318	63a74ac40457aa9dacc075599018a93a973665d16dce0f26043e2ea4b3624ab5
apps/web/public/vendor/valve/video/heroes-featured/drow_ranger.webm	dota/heroes-featured/drow_ranger.webm	https://prereborn.ru/media/dota/heroes-featured/drow_ranger.webm	503690	17a741003e40d252aafe501692948df01a848d58588c568b75848f31859151a4
apps/web/public/vendor/valve/video/heroes-featured/earth_spirit.webm	dota/heroes-featured/earth_spirit.webm	https://prereborn.ru/media/dota/heroes-featured/earth_spirit.webm	1865262	71195f5fec511a1fea966f0e4f5dbb5945e47ac46520f3f5d2abaa74b4be5f25
apps/web/public/vendor/valve/video/heroes-featured/earthshaker.webm	dota/heroes-featured/earthshaker.webm	https://prereborn.ru/media/dota/heroes-featured/earthshaker.webm	486985	77f8683c10d92ac189193f17ddce349fe1c8590af4f7a6d1e8f9fd69fd79a287
apps/web/public/vendor/valve/video/heroes-featured/elder_titan.webm	dota/heroes-featured/elder_titan.webm	https://prereborn.ru/media/dota/heroes-featured/elder_titan.webm	558069	932ed495d7729dea507bf69d195658d15609f7cf9bedc5cb9eb50940581e3944
apps/web/public/vendor/valve/video/heroes-featured/ember_spirit.webm	dota/heroes-featured/ember_spirit.webm	https://prereborn.ru/media/dota/heroes-featured/ember_spirit.webm	1617736	fe4b90ec367ce3afd6bf675db1c0e281df33b4af0887e1647f6f5e4794b663ea
apps/web/public/vendor/valve/video/heroes-featured/enchantress.webm	dota/heroes-featured/enchantress.webm	https://prereborn.ru/media/dota/heroes-featured/enchantress.webm	759196	53d31ac55019c29cdb1a7285482d7f99672dca4384ea4ac730b15252c6e2b65a
apps/web/public/vendor/valve/video/heroes-featured/enigma.webm	dota/heroes-featured/enigma.webm	https://prereborn.ru/media/dota/heroes-featured/enigma.webm	636071	f2b920fe6962122a4b8f683d4e656c752dae6a89963989f95cfdb07cedef88c0
apps/web/public/vendor/valve/video/heroes-featured/faceless_void.webm	dota/heroes-featured/faceless_void.webm	https://prereborn.ru/media/dota/heroes-featured/faceless_void.webm	557413	d8bf53f222d888ec0406a30b7081e246fcad938bde70096f33f619d621ad3d74
apps/web/public/vendor/valve/video/heroes-featured/furion.webm	dota/heroes-featured/furion.webm	https://prereborn.ru/media/dota/heroes-featured/furion.webm	454621	313bf002d1bde62aa93b622a91f84b55c08abe6b405a8440ac6231291da09e6d
apps/web/public/vendor/valve/video/heroes-featured/grimstroke.webm	dota/heroes-featured/grimstroke.webm	https://prereborn.ru/media/dota/heroes-featured/grimstroke.webm	1435654	53bf553a17794ceda5ece7e2d13d85f4083c8ca8d66aa0e459167b9a1707a280
apps/web/public/vendor/valve/video/heroes-featured/gyrocopter.webm	dota/heroes-featured/gyrocopter.webm	https://prereborn.ru/media/dota/heroes-featured/gyrocopter.webm	2572274	56f0adb1024e283f1260ce882a1b23412af174cc7331866ac72b7449061752bf
apps/web/public/vendor/valve/video/heroes-featured/hoodwink.webm	dota/heroes-featured/hoodwink.webm	https://prereborn.ru/media/dota/heroes-featured/hoodwink.webm	1536468	5399c7abef99913c30407b33774f96324ec3dd30d07434e9ec509386c5e17aff
apps/web/public/vendor/valve/video/heroes-featured/huskar.webm	dota/heroes-featured/huskar.webm	https://prereborn.ru/media/dota/heroes-featured/huskar.webm	667889	05aef0613c83934ff2839e53c46b95014d22afe4f492e90a14a445a8fd713e95
apps/web/public/vendor/valve/video/heroes-featured/invoker.webm	dota/heroes-featured/invoker.webm	https://prereborn.ru/media/dota/heroes-featured/invoker.webm	889640	2d4771ccd27b0f6483a5ddb40afdfeaa116e5163a30bc56a5d15fa977ccbe96d
apps/web/public/vendor/valve/video/heroes-featured/jakiro.webm	dota/heroes-featured/jakiro.webm	https://prereborn.ru/media/dota/heroes-featured/jakiro.webm	1335992	d7ae4d602065327bc4ba86f9fca5b432b605591d433e8c5f18aa7706063a1e50
apps/web/public/vendor/valve/video/heroes-featured/juggernaut.webm	dota/heroes-featured/juggernaut.webm	https://prereborn.ru/media/dota/heroes-featured/juggernaut.webm	1217158	32a0f7311bbebeaf2440ce4b8ac2ea8c96b2d68ab79495ed658acf880bb0c17e
apps/web/public/vendor/valve/video/heroes-featured/keeper_of_the_light.webm	dota/heroes-featured/keeper_of_the_light.webm	https://prereborn.ru/media/dota/heroes-featured/keeper_of_the_light.webm	753752	c18a0f3632459ce5d57b56a6f7e896a61a2c651b3e94d195c964d73f39ced1a6
apps/web/public/vendor/valve/video/heroes-featured/kez.webm	dota/heroes-featured/kez.webm	https://prereborn.ru/media/dota/heroes-featured/kez.webm	1377771	7c58ec7fd2cae1b7d1df0a6822289bbee51c58bb52e4f4f52dd06664a3e4b416
apps/web/public/vendor/valve/video/heroes-featured/kunkka.webm	dota/heroes-featured/kunkka.webm	https://prereborn.ru/media/dota/heroes-featured/kunkka.webm	326947	c5acb63f472dbd9807037bc0de396f80261aefc685039d6b9a24188fc3e47f77
apps/web/public/vendor/valve/video/heroes-featured/largo.webm	dota/heroes-featured/largo.webm	https://prereborn.ru/media/dota/heroes-featured/largo.webm	366797	66f27acd6710fae96334871cbbe14870b5ea8331fd1413acbf0bbaea005fb950
apps/web/public/vendor/valve/video/heroes-featured/legion_commander.webm	dota/heroes-featured/legion_commander.webm	https://prereborn.ru/media/dota/heroes-featured/legion_commander.webm	417446	3723ed790bd3e988a47601c1be3e78ea6e7748541abf15fc33e99b12c025646f
apps/web/public/vendor/valve/video/heroes-featured/leshrac.webm	dota/heroes-featured/leshrac.webm	https://prereborn.ru/media/dota/heroes-featured/leshrac.webm	611627	ed410a46d70e19318f7ab0b78c1b04940361441f9149b7c226df47879c8a97f3
apps/web/public/vendor/valve/video/heroes-featured/lich.webm	dota/heroes-featured/lich.webm	https://prereborn.ru/media/dota/heroes-featured/lich.webm	943732	f52ffbb87eefb4b964cf7cc80abf116967a99fd95cd1dfe7d5e9d728ba971029
apps/web/public/vendor/valve/video/heroes-featured/life_stealer.webm	dota/heroes-featured/life_stealer.webm	https://prereborn.ru/media/dota/heroes-featured/life_stealer.webm	1431393	7d7af96f1938ae4f73f4003415105fea5026c9f540fb4f0f01d43977e6e8e76c
apps/web/public/vendor/valve/video/heroes-featured/lina.webm	dota/heroes-featured/lina.webm	https://prereborn.ru/media/dota/heroes-featured/lina.webm	1540528	3d7997c6a40a2fbea44eb7bb00fc3e72db6636ef8b0d9894571b90c45007dca8
apps/web/public/vendor/valve/video/heroes-featured/lion.webm	dota/heroes-featured/lion.webm	https://prereborn.ru/media/dota/heroes-featured/lion.webm	674134	01b706255ee5146d4d9877d8a79be15d8cf7da257ee275c4e2d014c9a236215e
apps/web/public/vendor/valve/video/heroes-featured/lone_druid.webm	dota/heroes-featured/lone_druid.webm	https://prereborn.ru/media/dota/heroes-featured/lone_druid.webm	710671	027d5fa9ca46de3a46a9fb59f5e3d91c5f709837c203cf0dd9080ee3fbe57539
apps/web/public/vendor/valve/video/heroes-featured/luna.webm	dota/heroes-featured/luna.webm	https://prereborn.ru/media/dota/heroes-featured/luna.webm	1434381	cca44bc0f08ff3371cdbbcdb9fe4dce1e02821cb5868d09b5a0497fa659fc4c6
apps/web/public/vendor/valve/video/heroes-featured/lycan.webm	dota/heroes-featured/lycan.webm	https://prereborn.ru/media/dota/heroes-featured/lycan.webm	465192	f86d47d6336c19dbf87afa2d1bf205d663fa63087ed659f21bbb5febb6ae2a0e
apps/web/public/vendor/valve/video/heroes-featured/magnataur.webm	dota/heroes-featured/magnataur.webm	https://prereborn.ru/media/dota/heroes-featured/magnataur.webm	705017	ec04f13f02d99572fa6c73f115ae576b337d55a532bb92c6fd07b85ea088fa11
apps/web/public/vendor/valve/video/heroes-featured/marci.webm	dota/heroes-featured/marci.webm	https://prereborn.ru/media/dota/heroes-featured/marci.webm	335827	e5c938f6f1de497bf3141c19c797415040bd09e40361879e876d01c2bc027498
apps/web/public/vendor/valve/video/heroes-featured/mars.webm	dota/heroes-featured/mars.webm	https://prereborn.ru/media/dota/heroes-featured/mars.webm	779615	f574978243b8cd0e3f7d3b70b8122f4eff04fc02a179201df9c67d8b4e6cc956
apps/web/public/vendor/valve/video/heroes-featured/medusa.webm	dota/heroes-featured/medusa.webm	https://prereborn.ru/media/dota/heroes-featured/medusa.webm	1137742	20dde1d0d32bc8912b3a5cac7b7a33da3610fe66df3234e2a785ee554286220e
apps/web/public/vendor/valve/video/heroes-featured/meepo.webm	dota/heroes-featured/meepo.webm	https://prereborn.ru/media/dota/heroes-featured/meepo.webm	1299185	907814afe839737452eedd2270022efdfe76919f131ecca5b6304a6335599cc4
apps/web/public/vendor/valve/video/heroes-featured/mirana.webm	dota/heroes-featured/mirana.webm	https://prereborn.ru/media/dota/heroes-featured/mirana.webm	393283	18ffad8dc9ed7fe9993fbaadbb43cfa24b345f076efc14644635feb502a043f1
apps/web/public/vendor/valve/video/heroes-featured/monkey_king.webm	dota/heroes-featured/monkey_king.webm	https://prereborn.ru/media/dota/heroes-featured/monkey_king.webm	1344773	e1e55eb4e7a668508c804313930825c7828cc95c11f0cee5d96f176ed2bc302c
apps/web/public/vendor/valve/video/heroes-featured/morphling.webm	dota/heroes-featured/morphling.webm	https://prereborn.ru/media/dota/heroes-featured/morphling.webm	1780327	8ed3e54e68d1613cb1e015049bfa7c49df4404b9ca1a5a3f78475d4ff6b87c28
apps/web/public/vendor/valve/video/heroes-featured/muerta.webm	dota/heroes-featured/muerta.webm	https://prereborn.ru/media/dota/heroes-featured/muerta.webm	1955088	faf2d4d457a040de37d8d1cbb379c7c1d9affc3296581b719e156ef159fce699
apps/web/public/vendor/valve/video/heroes-featured/naga_siren.webm	dota/heroes-featured/naga_siren.webm	https://prereborn.ru/media/dota/heroes-featured/naga_siren.webm	616324	f3e8c871be86e2dadd7f3e920c5234633222608e59156cd22964e9f6f435371e
apps/web/public/vendor/valve/video/heroes-featured/necrolyte.webm	dota/heroes-featured/necrolyte.webm	https://prereborn.ru/media/dota/heroes-featured/necrolyte.webm	676291	7f949b3600f9fd7c624e7d0ca77c8317a9cca8d3fd58068f0ba075a8bc02d909
apps/web/public/vendor/valve/video/heroes-featured/nevermore.webm	dota/heroes-featured/nevermore.webm	https://prereborn.ru/media/dota/heroes-featured/nevermore.webm	1269918	f5d126e7141ae7d33462e55e843cf04eca8c9de6e9f81153741d729030ddce88
apps/web/public/vendor/valve/video/heroes-featured/night_stalker.webm	dota/heroes-featured/night_stalker.webm	https://prereborn.ru/media/dota/heroes-featured/night_stalker.webm	516012	94e6f9ea8cdaa7183cbef3676c8c19990381a4960dd31cd4cc30f91b7a1a398b
apps/web/public/vendor/valve/video/heroes-featured/nyx_assassin.webm	dota/heroes-featured/nyx_assassin.webm	https://prereborn.ru/media/dota/heroes-featured/nyx_assassin.webm	1282298	d58d9ffa0c8af2672c2468968a8ef24d735fc1337b0a12e3b069b069c76f0b77
apps/web/public/vendor/valve/video/heroes-featured/obsidian_destroyer.webm	dota/heroes-featured/obsidian_destroyer.webm	https://prereborn.ru/media/dota/heroes-featured/obsidian_destroyer.webm	1084395	00b5d147ca2c094247094dcf68f53c14933b015a25b6bc3d565c6b25ac8d8177
apps/web/public/vendor/valve/video/heroes-featured/ogre_magi.webm	dota/heroes-featured/ogre_magi.webm	https://prereborn.ru/media/dota/heroes-featured/ogre_magi.webm	1118779	1ff7606432809f36fe04a32a8049ebe6e49920928ddd68f2a5550cc584a421b2
apps/web/public/vendor/valve/video/heroes-featured/omniknight.webm	dota/heroes-featured/omniknight.webm	https://prereborn.ru/media/dota/heroes-featured/omniknight.webm	260154	9bf4fcc13aac877e31603b4f6c1da4a1967aff8c188022dd21276b126371fc35
apps/web/public/vendor/valve/video/heroes-featured/oracle.webm	dota/heroes-featured/oracle.webm	https://prereborn.ru/media/dota/heroes-featured/oracle.webm	788460	e2ad28a029556d9b1b3c60d89a122e78517b3abeb7a97b64f8dd5cbab05fe16d
apps/web/public/vendor/valve/video/heroes-featured/pangolier.webm	dota/heroes-featured/pangolier.webm	https://prereborn.ru/media/dota/heroes-featured/pangolier.webm	643893	0770aae6ed866b80271c27b1f98b503503e0a63a80becf25cc9878063b92d8cc
apps/web/public/vendor/valve/video/heroes-featured/phantom_assassin.webm	dota/heroes-featured/phantom_assassin.webm	https://prereborn.ru/media/dota/heroes-featured/phantom_assassin.webm	393331	7d927a33f143d3ede4e604cc3a3e3373f04f8449f099d313e45df58a6b7f0049
apps/web/public/vendor/valve/video/heroes-featured/phantom_lancer.webm	dota/heroes-featured/phantom_lancer.webm	https://prereborn.ru/media/dota/heroes-featured/phantom_lancer.webm	379580	1b97b2f4d9ff64df67a00bf646e393b3e60da153b7d6cd888a52508141035afc
apps/web/public/vendor/valve/video/heroes-featured/phoenix.webm	dota/heroes-featured/phoenix.webm	https://prereborn.ru/media/dota/heroes-featured/phoenix.webm	1752586	944cc48c855b91cf4ee2e57342f6b7e594d1c9170878242aaacf3fa1577349e0
apps/web/public/vendor/valve/video/heroes-featured/primal_beast.webm	dota/heroes-featured/primal_beast.webm	https://prereborn.ru/media/dota/heroes-featured/primal_beast.webm	3408335	2ae288444995b4d6d26e8333218a27883e8c2cd2cb95a2bcdf9d87fecf82e9b8
apps/web/public/vendor/valve/video/heroes-featured/puck.webm	dota/heroes-featured/puck.webm	https://prereborn.ru/media/dota/heroes-featured/puck.webm	3268188	666663fe76982a4505a93384e73134a1baf32fb27e8e2ea201d8acdd345126cf
apps/web/public/vendor/valve/video/heroes-featured/pudge.webm	dota/heroes-featured/pudge.webm	https://prereborn.ru/media/dota/heroes-featured/pudge.webm	415675	768a00205f0aa074abc21f828343a7ac3fd7caeb7af9a2db528e1c87160d075f
apps/web/public/vendor/valve/video/heroes-featured/pugna.webm	dota/heroes-featured/pugna.webm	https://prereborn.ru/media/dota/heroes-featured/pugna.webm	1052665	188326ae33b40013e65e401943a1cd75a095dd0ec4bd0c82ae80aff93e2ca189
apps/web/public/vendor/valve/video/heroes-featured/queenofpain.webm	dota/heroes-featured/queenofpain.webm	https://prereborn.ru/media/dota/heroes-featured/queenofpain.webm	484897	5cd28f99a806efabce3dc3f28818885db367e3289225937e15c56098302a13a9
apps/web/public/vendor/valve/video/heroes-featured/rattletrap.webm	dota/heroes-featured/rattletrap.webm	https://prereborn.ru/media/dota/heroes-featured/rattletrap.webm	545707	a5b23e2f1def15c77ff4db5fbe67d837bb5c1db8347dc471f7159af5dfffaeb0
apps/web/public/vendor/valve/video/heroes-featured/razor.webm	dota/heroes-featured/razor.webm	https://prereborn.ru/media/dota/heroes-featured/razor.webm	1456489	4eeffbd677b779853de23292cb5f2ab0a5bd459fed7caf6baf494bfe82363b8d
apps/web/public/vendor/valve/video/heroes-featured/riki.webm	dota/heroes-featured/riki.webm	https://prereborn.ru/media/dota/heroes-featured/riki.webm	770355	c038d0ab7d43c377aab0cf09e197951f76adde88aeeb27a4b56d1a1585dff935
apps/web/public/vendor/valve/video/heroes-featured/ringmaster.webm	dota/heroes-featured/ringmaster.webm	https://prereborn.ru/media/dota/heroes-featured/ringmaster.webm	3413555	fa8279c78664037ffba8177c1ad1ef37ceb91d20bbf3bda842093fa25ecaf119
apps/web/public/vendor/valve/video/heroes-featured/rubick.webm	dota/heroes-featured/rubick.webm	https://prereborn.ru/media/dota/heroes-featured/rubick.webm	858094	ad01d6460f3a6bd25f00b5b888e723b4806142e74996226c6286cff6a48449d6
apps/web/public/vendor/valve/video/heroes-featured/sand_king.webm	dota/heroes-featured/sand_king.webm	https://prereborn.ru/media/dota/heroes-featured/sand_king.webm	359248	c1fc4642c8a82f020fe5d115859bc7235d1d01e8b441d534bc00a92737a84766
apps/web/public/vendor/valve/video/heroes-featured/shadow_demon.webm	dota/heroes-featured/shadow_demon.webm	https://prereborn.ru/media/dota/heroes-featured/shadow_demon.webm	778968	6877f5d731aae9938ca67dd11d0be89c96f461394fbf622fc3747d380e7cb170
apps/web/public/vendor/valve/video/heroes-featured/shadow_shaman.webm	dota/heroes-featured/shadow_shaman.webm	https://prereborn.ru/media/dota/heroes-featured/shadow_shaman.webm	1238203	8f7605d84a87dde5d7bdd03412ac832248a8f83a7b90fccfeed1ff2e05fe8443
apps/web/public/vendor/valve/video/heroes-featured/shredder.webm	dota/heroes-featured/shredder.webm	https://prereborn.ru/media/dota/heroes-featured/shredder.webm	2171492	dea57dbf149173a2833121f324da89690f5f3a2a9d8d0b43696b399747706a39
apps/web/public/vendor/valve/video/heroes-featured/silencer.webm	dota/heroes-featured/silencer.webm	https://prereborn.ru/media/dota/heroes-featured/silencer.webm	379338	f841ea7322d589d2cd242f3b561e0fbde016c75a48da17f158042e4abe3f8972
apps/web/public/vendor/valve/video/heroes-featured/skeleton_king.webm	dota/heroes-featured/skeleton_king.webm	https://prereborn.ru/media/dota/heroes-featured/skeleton_king.webm	2197948	4bdc0eb091ad88646fc50bde10ef010539db7980fa99b556ac55f31f82483cc9
apps/web/public/vendor/valve/video/heroes-featured/skywrath_mage.webm	dota/heroes-featured/skywrath_mage.webm	https://prereborn.ru/media/dota/heroes-featured/skywrath_mage.webm	827628	b91168389c7ead597dafef3883fd9399702148ebc34977c942cbedf6a89e9bcf
apps/web/public/vendor/valve/video/heroes-featured/slardar.webm	dota/heroes-featured/slardar.webm	https://prereborn.ru/media/dota/heroes-featured/slardar.webm	959759	c01181c52ab514971cca51742d1b78e05d87cc18d55e6727507db6174ce5a95c
apps/web/public/vendor/valve/video/heroes-featured/slark.webm	dota/heroes-featured/slark.webm	https://prereborn.ru/media/dota/heroes-featured/slark.webm	647849	7ae687089aba0e9914528f029fbd9193993de8a6e85de0b6833834ed6c99b386
apps/web/public/vendor/valve/video/heroes-featured/snapfire.webm	dota/heroes-featured/snapfire.webm	https://prereborn.ru/media/dota/heroes-featured/snapfire.webm	1227013	b350c8d5901227d5bce29efcd8dcb2726744d8a9c4efa77dd2cf9a6de884ebd5
apps/web/public/vendor/valve/video/heroes-featured/sniper.webm	dota/heroes-featured/sniper.webm	https://prereborn.ru/media/dota/heroes-featured/sniper.webm	1001561	a2facbc90da1e3b6671c9f5e7b08e46878ae7b14fc5cd9c10fb24d1badbef8ce
apps/web/public/vendor/valve/video/heroes-featured/spectre.webm	dota/heroes-featured/spectre.webm	https://prereborn.ru/media/dota/heroes-featured/spectre.webm	457262	ddc186ab3fce93e063c33b32ebd0e472abd5fe85333a910b1e91020d7dbaaa6e
apps/web/public/vendor/valve/video/heroes-featured/spirit_breaker.webm	dota/heroes-featured/spirit_breaker.webm	https://prereborn.ru/media/dota/heroes-featured/spirit_breaker.webm	1001354	9d8a525aa043711fc82455dee8c92fe1b5ab7eb7eb2670172974c41e62045884
apps/web/public/vendor/valve/video/heroes-featured/storm_spirit.webm	dota/heroes-featured/storm_spirit.webm	https://prereborn.ru/media/dota/heroes-featured/storm_spirit.webm	482776	8dc425e19e5171e89ab140b06a62940b9a6bfbc4011581eb6a01842f266c1e03
apps/web/public/vendor/valve/video/heroes-featured/sven.webm	dota/heroes-featured/sven.webm	https://prereborn.ru/media/dota/heroes-featured/sven.webm	399261	1c7d768755e8ca3a1d562ecf5cef75e1cc06572ea9ab63136cda722cc866af7f
apps/web/public/vendor/valve/video/heroes-featured/techies.webm	dota/heroes-featured/techies.webm	https://prereborn.ru/media/dota/heroes-featured/techies.webm	877732	59c5d3da3f3a434e8cc15b35e5c4c6f3198e3a80e7987eb7f85e56c2d10c07fa
apps/web/public/vendor/valve/video/heroes-featured/templar_assassin.webm	dota/heroes-featured/templar_assassin.webm	https://prereborn.ru/media/dota/heroes-featured/templar_assassin.webm	991492	cd88e5af1ace30c062ac2db7bbaa5b6221dc7b8287b143586db7d216f7df5577
apps/web/public/vendor/valve/video/heroes-featured/terrorblade.webm	dota/heroes-featured/terrorblade.webm	https://prereborn.ru/media/dota/heroes-featured/terrorblade.webm	1503326	b9cd81d83fe96dc4455587a191bbe25a595ce0740368e8d7bb233f9c9b875e91
apps/web/public/vendor/valve/video/heroes-featured/tidehunter.webm	dota/heroes-featured/tidehunter.webm	https://prereborn.ru/media/dota/heroes-featured/tidehunter.webm	441115	8bc0c865d83d181b7e6a0921a94fac843ae12b8e4121b75bc435b77bb27b89ac
apps/web/public/vendor/valve/video/heroes-featured/tinker.webm	dota/heroes-featured/tinker.webm	https://prereborn.ru/media/dota/heroes-featured/tinker.webm	767164	65ff4d4dfaefb499559ae3fd06cddfd8f0d6c237ba7af0aa0fed3de0157be1ea
apps/web/public/vendor/valve/video/heroes-featured/tiny.webm	dota/heroes-featured/tiny.webm	https://prereborn.ru/media/dota/heroes-featured/tiny.webm	337281	597b6fa87949a598ef682b3001e4fc6b753f9ecacf85cc74b83825dada0221a9
apps/web/public/vendor/valve/video/heroes-featured/treant.webm	dota/heroes-featured/treant.webm	https://prereborn.ru/media/dota/heroes-featured/treant.webm	1421336	7844af51995900af4afcc38fd128fecee79fc916315a1cd4a7f05b2c388d1544
apps/web/public/vendor/valve/video/heroes-featured/troll_warlord.webm	dota/heroes-featured/troll_warlord.webm	https://prereborn.ru/media/dota/heroes-featured/troll_warlord.webm	290086	528f674009142e7d2ac253eb6ef4fd8213d20ca38036a3e20c0046a494d63225
apps/web/public/vendor/valve/video/heroes-featured/tusk.webm	dota/heroes-featured/tusk.webm	https://prereborn.ru/media/dota/heroes-featured/tusk.webm	975489	6c1c4af3557f5c2bd9172d47e5fa73dda852ffe23f3494b63f9eaa0f0d9e0fb9
apps/web/public/vendor/valve/video/heroes-featured/undying.webm	dota/heroes-featured/undying.webm	https://prereborn.ru/media/dota/heroes-featured/undying.webm	277951	d136fcd50da1488c32dade5c49dda80fc98e51bca1356d29dfa16a028629cd9f
apps/web/public/vendor/valve/video/heroes-featured/ursa.webm	dota/heroes-featured/ursa.webm	https://prereborn.ru/media/dota/heroes-featured/ursa.webm	528200	398b9f7905f2a305aea2bff2785268dff57f9c7d12db8b159971c3f5be687639
apps/web/public/vendor/valve/video/heroes-featured/vengefulspirit.webm	dota/heroes-featured/vengefulspirit.webm	https://prereborn.ru/media/dota/heroes-featured/vengefulspirit.webm	972278	d97e61240f05f2e1ec5798f73fab4b26650871c2ffc581ef1402a4b6f45a72ce
apps/web/public/vendor/valve/video/heroes-featured/venomancer.webm	dota/heroes-featured/venomancer.webm	https://prereborn.ru/media/dota/heroes-featured/venomancer.webm	779209	b0686276eca5c5ee97b181c89cfe90d53cef6ba8253b52751a35498c0e4d3d5f
apps/web/public/vendor/valve/video/heroes-featured/viper.webm	dota/heroes-featured/viper.webm	https://prereborn.ru/media/dota/heroes-featured/viper.webm	496558	11f2f1c1be36bf81b7722f96f81381ef79806b2dfb7ad8c745d6b6518cf2485f
apps/web/public/vendor/valve/video/heroes-featured/visage.webm	dota/heroes-featured/visage.webm	https://prereborn.ru/media/dota/heroes-featured/visage.webm	1547521	ba40290282a8dc4b689d89e111945d9ae670365493c36a336ca524a9be48aa08
apps/web/public/vendor/valve/video/heroes-featured/void_spirit.webm	dota/heroes-featured/void_spirit.webm	https://prereborn.ru/media/dota/heroes-featured/void_spirit.webm	385125	71fc4a7d87c6af621485cfa4f4554698073e764b220008f8e82ba9eadae5f060
apps/web/public/vendor/valve/video/heroes-featured/warlock.webm	dota/heroes-featured/warlock.webm	https://prereborn.ru/media/dota/heroes-featured/warlock.webm	1327135	1ffe644c3bc1422d870b97b910284110c31f4af4a2b61c8f439529ab6f6629d9
apps/web/public/vendor/valve/video/heroes-featured/weaver.webm	dota/heroes-featured/weaver.webm	https://prereborn.ru/media/dota/heroes-featured/weaver.webm	616045	dc7bf2a7ba4d16fc32586502035a87c45271f9634516471aba2e982caeef9a44
apps/web/public/vendor/valve/video/heroes-featured/windrunner.webm	dota/heroes-featured/windrunner.webm	https://prereborn.ru/media/dota/heroes-featured/windrunner.webm	1556078	ea513ecb9c49f5db0503a69789c68f85b21924efc9aaae68f02f58bd4bf7ae20
apps/web/public/vendor/valve/video/heroes-featured/winter_wyvern.webm	dota/heroes-featured/winter_wyvern.webm	https://prereborn.ru/media/dota/heroes-featured/winter_wyvern.webm	1167497	db2d99bac4583af4d0fecb434c5a519b2127f3e4eeba51ae4d84b14b20e4917b
apps/web/public/vendor/valve/video/heroes-featured/wisp.webm	dota/heroes-featured/wisp.webm	https://prereborn.ru/media/dota/heroes-featured/wisp.webm	512877	f36f390a7369e4ee550f7f99b92a8bd095cb58c2c24232e520edba2a7bdba72c
apps/web/public/vendor/valve/video/heroes-featured/witch_doctor.webm	dota/heroes-featured/witch_doctor.webm	https://prereborn.ru/media/dota/heroes-featured/witch_doctor.webm	383000	a46c47729811b69797fe08679c8fdedf1a33bbda00b6dbc22105864b2c9d0859
apps/web/public/vendor/valve/video/heroes-featured/zuus.webm	dota/heroes-featured/zuus.webm	https://prereborn.ru/media/dota/heroes-featured/zuus.webm	678356	e1a4c3117b6e7211734778e4c516f9133dc8e307d77b8fedced5d744f44fe45a
apps/web/public/vendor/valve/video/heroes/abaddon.webm	dota/heroes/abaddon.webm	https://prereborn.ru/media/dota/heroes/abaddon.webm	7570415	aed666f0d588fc8fd49a8ae4681173a73028b50e5a4ced4c47ea4fe7a68553c3
apps/web/public/vendor/valve/video/heroes/abyssal_underlord.webm	dota/heroes/abyssal_underlord.webm	https://prereborn.ru/media/dota/heroes/abyssal_underlord.webm	2549445	9904187048abe9194cffcf479f047d7eade3c2da78031a79ff36863a134e01ae
apps/web/public/vendor/valve/video/heroes/alchemist.webm	dota/heroes/alchemist.webm	https://prereborn.ru/media/dota/heroes/alchemist.webm	1935527	47195673ffc3b871eec790c5fbf9a4db6813d9715fbfd8b494022fb06a179933
apps/web/public/vendor/valve/video/heroes/ancient_apparition.webm	dota/heroes/ancient_apparition.webm	https://prereborn.ru/media/dota/heroes/ancient_apparition.webm	5811189	d0f29f94437836b5c48af9d118d185fccef863c90408933f4984e68dedb092df
apps/web/public/vendor/valve/video/heroes/antimage.webm	dota/heroes/antimage.webm	https://prereborn.ru/media/dota/heroes/antimage.webm	2831554	af332eb27b65ce91bd2cd071223a4d29b12f95ebba1d80461f27cb2651e70088
apps/web/public/vendor/valve/video/heroes/arc_warden.webm	dota/heroes/arc_warden.webm	https://prereborn.ru/media/dota/heroes/arc_warden.webm	7101696	a955e43401919ea1a96140e1a298f6bf4a8c0acd2628481c249a3d286385b39a
apps/web/public/vendor/valve/video/heroes/axe.webm	dota/heroes/axe.webm	https://prereborn.ru/media/dota/heroes/axe.webm	1346525	bad5c7e0ce9cdd7dd688e9241dd7ecd5ffab1d6e6869a23f59894a50055a8a2f
apps/web/public/vendor/valve/video/heroes/bane.webm	dota/heroes/bane.webm	https://prereborn.ru/media/dota/heroes/bane.webm	4133376	0a631701522e88c544202528ef4e059ba87727d635911d6441ff2bfe9c0977bd
apps/web/public/vendor/valve/video/heroes/batrider.webm	dota/heroes/batrider.webm	https://prereborn.ru/media/dota/heroes/batrider.webm	9227797	e21ab00157a0bb8bc43cbce2d933a1ee6592a2bb9de7663eb397b73184f80905
apps/web/public/vendor/valve/video/heroes/beastmaster.webm	dota/heroes/beastmaster.webm	https://prereborn.ru/media/dota/heroes/beastmaster.webm	5011262	6537be45793876fda3089dc0455a3d6ab83f7986491c19bd099972ddaef26985
apps/web/public/vendor/valve/video/heroes/bloodseeker.webm	dota/heroes/bloodseeker.webm	https://prereborn.ru/media/dota/heroes/bloodseeker.webm	2053522	5dd65cfc6e07daf2a9f580774dd1e903edea4f6f7c9f0c4af77e2fd03bd69a82
apps/web/public/vendor/valve/video/heroes/bounty_hunter.webm	dota/heroes/bounty_hunter.webm	https://prereborn.ru/media/dota/heroes/bounty_hunter.webm	2595734	f78df2c4308ddd3b3ba7db78010b83262ef4e7c1eb1df004316ecb7bbf828f25
apps/web/public/vendor/valve/video/heroes/brewmaster.webm	dota/heroes/brewmaster.webm	https://prereborn.ru/media/dota/heroes/brewmaster.webm	5366850	4157a31bb30fa192661635b2b14cccbc293be453aefd697f43cd2848d1f75826
apps/web/public/vendor/valve/video/heroes/bristleback.webm	dota/heroes/bristleback.webm	https://prereborn.ru/media/dota/heroes/bristleback.webm	3283898	5ab2e603298a15ee273387a47bff231109be2d74c7ee429d788b14b3e7cf91ee
apps/web/public/vendor/valve/video/heroes/broodmother.webm	dota/heroes/broodmother.webm	https://prereborn.ru/media/dota/heroes/broodmother.webm	12548834	2a2104d43451292a0c3d48f7bbb7ad2772b61ba2fca9e28e018e315bf9ee768e
apps/web/public/vendor/valve/video/heroes/centaur.webm	dota/heroes/centaur.webm	https://prereborn.ru/media/dota/heroes/centaur.webm	4100578	45419183d0897b40b6607259cc832c93a28472d3e8dc571c1a05a56330371c26
apps/web/public/vendor/valve/video/heroes/chaos_knight.webm	dota/heroes/chaos_knight.webm	https://prereborn.ru/media/dota/heroes/chaos_knight.webm	2173209	4ca5f7bdede8d34d513417646a69b4f324e967c2d8e10f0602c74a3f5345a1de
apps/web/public/vendor/valve/video/heroes/chen.webm	dota/heroes/chen.webm	https://prereborn.ru/media/dota/heroes/chen.webm	1100932	a4bcecaad0da1212be33d675fa998978b6de86bae22657af2f3fa59aa60ea170
apps/web/public/vendor/valve/video/heroes/clinkz.webm	dota/heroes/clinkz.webm	https://prereborn.ru/media/dota/heroes/clinkz.webm	3887598	284ee2eea09f164a8798b05f7b941773a8ab75a182894930d96ee728e8738720
apps/web/public/vendor/valve/video/heroes/crystal_maiden.webm	dota/heroes/crystal_maiden.webm	https://prereborn.ru/media/dota/heroes/crystal_maiden.webm	7740783	dae28e7ba2dc3a8cbb5d78fc30258d960e035ab50546b759dc4f6475031ec207
apps/web/public/vendor/valve/video/heroes/dark_seer.webm	dota/heroes/dark_seer.webm	https://prereborn.ru/media/dota/heroes/dark_seer.webm	6847477	10ce079ca2330bf95762aa00f7437350a296c0eb0aef59a7c8ce0fe2d1f0008e
apps/web/public/vendor/valve/video/heroes/dark_willow.webm	dota/heroes/dark_willow.webm	https://prereborn.ru/media/dota/heroes/dark_willow.webm	2976410	f530178f1bee7723d6c0505cf1af8c3447772286ed9bea086a17ed44ae7b1579
apps/web/public/vendor/valve/video/heroes/dawnbreaker.webm	dota/heroes/dawnbreaker.webm	https://prereborn.ru/media/dota/heroes/dawnbreaker.webm	5359401	38b784470064a26823f906cb852b31bce7eb6798508e17d326b072a65f079c3e
apps/web/public/vendor/valve/video/heroes/dazzle.webm	dota/heroes/dazzle.webm	https://prereborn.ru/media/dota/heroes/dazzle.webm	2885304	0648d13dc2a9ec39a4143fa94ba1d10e96e73c37e104848ce5a9943034191edc
apps/web/public/vendor/valve/video/heroes/death_prophet.webm	dota/heroes/death_prophet.webm	https://prereborn.ru/media/dota/heroes/death_prophet.webm	2743323	a13dcb37fd8ced8654da05f5efffe5daa98af649e450decdc3f1a4690d2dbbfc
apps/web/public/vendor/valve/video/heroes/disruptor.webm	dota/heroes/disruptor.webm	https://prereborn.ru/media/dota/heroes/disruptor.webm	3901687	b412fb090a8a8141da032194c88151ff4f0ad9156ea5ba2166ae89414e13c0f6
apps/web/public/vendor/valve/video/heroes/doom_bringer.webm	dota/heroes/doom_bringer.webm	https://prereborn.ru/media/dota/heroes/doom_bringer.webm	2641496	1c2330b20d17c479b1d2a5f61e5fa8825fed6f237361ee8c21a07e7307c8b436
apps/web/public/vendor/valve/video/heroes/dragon_knight.webm	dota/heroes/dragon_knight.webm	https://prereborn.ru/media/dota/heroes/dragon_knight.webm	956321	29374c09a8bc7b70938bbcf6395ee071f152d7993972fb8213fcbda8180430a1
apps/web/public/vendor/valve/video/heroes/drow_ranger.webm	dota/heroes/drow_ranger.webm	https://prereborn.ru/media/dota/heroes/drow_ranger.webm	2725763	01c97113181f75684154701470d9ce5c49e71823f74fb51fed414f84882858de
apps/web/public/vendor/valve/video/heroes/earth_spirit.webm	dota/heroes/earth_spirit.webm	https://prereborn.ru/media/dota/heroes/earth_spirit.webm	8025667	e02b59cf17619d5d6aa1d16ba5a8b5215a787ce195d764339aab6e3cde645edd
apps/web/public/vendor/valve/video/heroes/earthshaker.webm	dota/heroes/earthshaker.webm	https://prereborn.ru/media/dota/heroes/earthshaker.webm	2172716	ee519c8f492ef48745e50da346fbf7971ccae3003c83488e0af9816dfb5415c1
apps/web/public/vendor/valve/video/heroes/elder_titan.webm	dota/heroes/elder_titan.webm	https://prereborn.ru/media/dota/heroes/elder_titan.webm	1915302	7cdfd97c7cc92a8b8897595bc0802b3657cc8f0dc1bd89c72427738a7356855d
apps/web/public/vendor/valve/video/heroes/ember_spirit.webm	dota/heroes/ember_spirit.webm	https://prereborn.ru/media/dota/heroes/ember_spirit.webm	5298774	11dad0cb07b8ef848bd737a6d81395b3b4679db1c0a5523db05644b4ee0ce00a
apps/web/public/vendor/valve/video/heroes/enchantress.webm	dota/heroes/enchantress.webm	https://prereborn.ru/media/dota/heroes/enchantress.webm	3295563	71a8de1fa8dfecaa6b1c7d64665f12c76702e84e8c029798aa0ae94e33cdb598
apps/web/public/vendor/valve/video/heroes/enigma.webm	dota/heroes/enigma.webm	https://prereborn.ru/media/dota/heroes/enigma.webm	2314640	8236ce8453239ea3af565cebbf7e388f6f2137fcc30e07cb33def01ed7651298
apps/web/public/vendor/valve/video/heroes/faceless_void.webm	dota/heroes/faceless_void.webm	https://prereborn.ru/media/dota/heroes/faceless_void.webm	2936595	f0d1ce445a79dd80997254342e3462166d8274da366cc4e63d634fde7eb7e53b
apps/web/public/vendor/valve/video/heroes/furion.webm	dota/heroes/furion.webm	https://prereborn.ru/media/dota/heroes/furion.webm	2544882	7591253f7b2d6f69cb3a4f0a5cc2a295bf3e6226b53ae333e750c05c9a9e86b9
apps/web/public/vendor/valve/video/heroes/grimstroke.webm	dota/heroes/grimstroke.webm	https://prereborn.ru/media/dota/heroes/grimstroke.webm	5079654	98df898f8276a1f67dc300c7f18c918bed4ce4597cd74acc9a3c7fdddf47cd27
apps/web/public/vendor/valve/video/heroes/gyrocopter.webm	dota/heroes/gyrocopter.webm	https://prereborn.ru/media/dota/heroes/gyrocopter.webm	10655044	a0485073cbe9ed30e1a7debf67260ffaea1d26c3d3436b0f5aa20befdce883b0
apps/web/public/vendor/valve/video/heroes/hoodwink.webm	dota/heroes/hoodwink.webm	https://prereborn.ru/media/dota/heroes/hoodwink.webm	7647751	1c5647cbafe2e07c9bbcb2619989778dd53b060968167b0b5f1146ce09450e41
apps/web/public/vendor/valve/video/heroes/huskar.webm	dota/heroes/huskar.webm	https://prereborn.ru/media/dota/heroes/huskar.webm	2999548	c17ad3e115e08a36cc68c872419bad52743650d6a7c7ec902688028ef591818c
apps/web/public/vendor/valve/video/heroes/invoker.webm	dota/heroes/invoker.webm	https://prereborn.ru/media/dota/heroes/invoker.webm	3312038	08ea7d4423ce9b0bdba6b605acd25a9618c581010bfebd412eb757fb7c7ca6b5
apps/web/public/vendor/valve/video/heroes/jakiro.webm	dota/heroes/jakiro.webm	https://prereborn.ru/media/dota/heroes/jakiro.webm	6207301	b5a25708b853fddf121f7eaec41076c5c19a53fe6696afa171da465f0caf5da4
apps/web/public/vendor/valve/video/heroes/juggernaut.webm	dota/heroes/juggernaut.webm	https://prereborn.ru/media/dota/heroes/juggernaut.webm	4089315	ea3db68ff85a9d2c4b6a5a0dc9f35dfae0a405c93ead28f3d4da8d1c546f14a0
apps/web/public/vendor/valve/video/heroes/keeper_of_the_light.webm	dota/heroes/keeper_of_the_light.webm	https://prereborn.ru/media/dota/heroes/keeper_of_the_light.webm	3023810	00620d130fa60d2069f6dfc5c6cd5894f7d7c9943a4139dde8ceb55d8dc66c30
apps/web/public/vendor/valve/video/heroes/kez.webm	dota/heroes/kez.webm	https://prereborn.ru/media/dota/heroes/kez.webm	5682639	0de5bfc5db8ee24c9d0b6339160bf712351e0d2428e8fed03b3e68f1497b55aa
apps/web/public/vendor/valve/video/heroes/kunkka.webm	dota/heroes/kunkka.webm	https://prereborn.ru/media/dota/heroes/kunkka.webm	1253172	17d8a9f37c5096e3e29bc4455d52f61e0300abb84e87fe06b5409fd3661149f7
apps/web/public/vendor/valve/video/heroes/largo.webm	dota/heroes/largo.webm	https://prereborn.ru/media/dota/heroes/largo.webm	4681470	8f3ac38438e697c782fa02de01f57cdbe71af8bf5ccdd8538a7fdafce48e4ca8
apps/web/public/vendor/valve/video/heroes/legion_commander.webm	dota/heroes/legion_commander.webm	https://prereborn.ru/media/dota/heroes/legion_commander.webm	1994094	ebc97edc25709a37a9270027380d5c8bce4e869c952257568e8adbdf72e22d4b
apps/web/public/vendor/valve/video/heroes/leshrac.webm	dota/heroes/leshrac.webm	https://prereborn.ru/media/dota/heroes/leshrac.webm	3495748	c346d3b1785b7d071a6b4ca9e69bc237f4a4e8c6f36f1e9338c2b2ef94352586
apps/web/public/vendor/valve/video/heroes/lich.webm	dota/heroes/lich.webm	https://prereborn.ru/media/dota/heroes/lich.webm	4373553	f4bebbdabc32fac66a72f832d87c5b760e38b3b2c6d1fe1af3d4dc35e7d765e1
apps/web/public/vendor/valve/video/heroes/life_stealer.webm	dota/heroes/life_stealer.webm	https://prereborn.ru/media/dota/heroes/life_stealer.webm	6349485	d3c1e49c99479446fc85f6b4a292b06c0324d3621a1f6f71b97bed0b719f1dae
apps/web/public/vendor/valve/video/heroes/lina.webm	dota/heroes/lina.webm	https://prereborn.ru/media/dota/heroes/lina.webm	6405229	2a5b5528ec6435796d536e6b782cf7999a4ada0ba010b123d6fd02096100661a
apps/web/public/vendor/valve/video/heroes/lion.webm	dota/heroes/lion.webm	https://prereborn.ru/media/dota/heroes/lion.webm	2849515	4a7d263ef1ab46c13d08815a93c285777203b5cdd895ff530e62dc045d0c848c
apps/web/public/vendor/valve/video/heroes/lone_druid.webm	dota/heroes/lone_druid.webm	https://prereborn.ru/media/dota/heroes/lone_druid.webm	3514550	cf39eb9cdfc4295a0478d2be2241fb1625e330dfebb5787c7d614a6eb57dafab
apps/web/public/vendor/valve/video/heroes/luna.webm	dota/heroes/luna.webm	https://prereborn.ru/media/dota/heroes/luna.webm	6195708	8d6fe93fe81d7f0e2f2c8f4f16c13676fb84010168d8cd9a139beb3266835ad7
apps/web/public/vendor/valve/video/heroes/lycan.webm	dota/heroes/lycan.webm	https://prereborn.ru/media/dota/heroes/lycan.webm	1932163	7f8054b7c9c625142e43a6e8ae6c8f27e669a7e4e84429669f430af4a689e84a
apps/web/public/vendor/valve/video/heroes/magnataur.webm	dota/heroes/magnataur.webm	https://prereborn.ru/media/dota/heroes/magnataur.webm	3267578	0ab9658b2d0b4089b2b9495c84202bd8224e6dd924ac25bde4161278834ddd7d
apps/web/public/vendor/valve/video/heroes/marci.webm	dota/heroes/marci.webm	https://prereborn.ru/media/dota/heroes/marci.webm	1659155	52c2eefc081db71dcca54deff34f06da2bbd941bf9b4050293531f4dc94600dc
apps/web/public/vendor/valve/video/heroes/mars.webm	dota/heroes/mars.webm	https://prereborn.ru/media/dota/heroes/mars.webm	3334933	648eb2be5f49595fc2b3006103e792859ff66791b6d188335ed615ac45a8d05c
apps/web/public/vendor/valve/video/heroes/medusa.webm	dota/heroes/medusa.webm	https://prereborn.ru/media/dota/heroes/medusa.webm	4976740	08f63d30d27c3af30bd0ffa116d9ba53944d7f4074aa884668e8b3bd5100bd6f
apps/web/public/vendor/valve/video/heroes/meepo.webm	dota/heroes/meepo.webm	https://prereborn.ru/media/dota/heroes/meepo.webm	5179041	20eac412c86b30886f327e9f49118e1a0c97f72969fe6a797d46f6e9f0a6534a
apps/web/public/vendor/valve/video/heroes/mirana.webm	dota/heroes/mirana.webm	https://prereborn.ru/media/dota/heroes/mirana.webm	1311526	c9eade4922adfb9c826b76141f6b04543975f738bc8a52efa10f756c596c2eba
apps/web/public/vendor/valve/video/heroes/monkey_king.webm	dota/heroes/monkey_king.webm	https://prereborn.ru/media/dota/heroes/monkey_king.webm	6216421	336116b769f83eb089bc386ec3547d1bdfaa7ed26b715114895b45973d8400dc
apps/web/public/vendor/valve/video/heroes/morphling.webm	dota/heroes/morphling.webm	https://prereborn.ru/media/dota/heroes/morphling.webm	6437919	d2deb83316d0a9354bbe631c0c795c89a3baccf577068e78e742a2d91e75d428
apps/web/public/vendor/valve/video/heroes/muerta.webm	dota/heroes/muerta.webm	https://prereborn.ru/media/dota/heroes/muerta.webm	8994321	4c3fe84345e09f6faf1f2b1cf21007cb0684da9011a1eb998e63ae44696d75c6
apps/web/public/vendor/valve/video/heroes/naga_siren.webm	dota/heroes/naga_siren.webm	https://prereborn.ru/media/dota/heroes/naga_siren.webm	2236254	f524115ae0dd14334d5033620bdb11a6310bfa0836beb85be0fb44103c53d597
apps/web/public/vendor/valve/video/heroes/necrolyte.webm	dota/heroes/necrolyte.webm	https://prereborn.ru/media/dota/heroes/necrolyte.webm	2577793	839cd577ef454f943d5142f0600f13a747226742e764e124395c6e3fe2a84921
apps/web/public/vendor/valve/video/heroes/nevermore.webm	dota/heroes/nevermore.webm	https://prereborn.ru/media/dota/heroes/nevermore.webm	4063921	e09e423cbf72b76b917d91d7a3e5cf6900131df0511db944e8831506515dfb60
apps/web/public/vendor/valve/video/heroes/night_stalker.webm	dota/heroes/night_stalker.webm	https://prereborn.ru/media/dota/heroes/night_stalker.webm	2053336	82ae445787dd096400dcb566673b478cad795b3393dfe9834a21da5ee4e87989
apps/web/public/vendor/valve/video/heroes/nyx_assassin.webm	dota/heroes/nyx_assassin.webm	https://prereborn.ru/media/dota/heroes/nyx_assassin.webm	5172765	12849d0ae48394dc64d6e591a8af9134a1a48a1a6ba8fb1fcfb59e0a899987e1
apps/web/public/vendor/valve/video/heroes/obsidian_destroyer.webm	dota/heroes/obsidian_destroyer.webm	https://prereborn.ru/media/dota/heroes/obsidian_destroyer.webm	4204454	acfa8460f7a694982df2c2f97913da106719e70673197f5f6629ddaaf5f7f677
apps/web/public/vendor/valve/video/heroes/ogre_magi.webm	dota/heroes/ogre_magi.webm	https://prereborn.ru/media/dota/heroes/ogre_magi.webm	4335989	1477241442a26ec4e4f09107addd5dcca45afba34aa491335a75d0c620daf238
apps/web/public/vendor/valve/video/heroes/omniknight.webm	dota/heroes/omniknight.webm	https://prereborn.ru/media/dota/heroes/omniknight.webm	1194534	435ee6ca4ec92f5ac98ca766c62ce5731b559a0aad87469ea7762e574861ebbd
apps/web/public/vendor/valve/video/heroes/oracle.webm	dota/heroes/oracle.webm	https://prereborn.ru/media/dota/heroes/oracle.webm	3473984	1c7db46eb7f5b358a5a99f7b1de07deda9be93a8edee592c301fdf836c8f53b1
apps/web/public/vendor/valve/video/heroes/pangolier.webm	dota/heroes/pangolier.webm	https://prereborn.ru/media/dota/heroes/pangolier.webm	2371224	618c4df79d5e692d6904039bdb0adfae20ccae5107b1efc146e53db5db79d4ba
apps/web/public/vendor/valve/video/heroes/phantom_assassin.webm	dota/heroes/phantom_assassin.webm	https://prereborn.ru/media/dota/heroes/phantom_assassin.webm	1732865	97ccf8e8443eac1ffe37f7bbf02ae3388fa5337ab502fc66ed6b8f94d8915ef2
apps/web/public/vendor/valve/video/heroes/phantom_lancer.webm	dota/heroes/phantom_lancer.webm	https://prereborn.ru/media/dota/heroes/phantom_lancer.webm	1314396	8a1b356b6b4c547294da8e1b3274ec4e8d9ce3ec1ac408ddfcaf47f6663b9312
apps/web/public/vendor/valve/video/heroes/phoenix.webm	dota/heroes/phoenix.webm	https://prereborn.ru/media/dota/heroes/phoenix.webm	6061496	81b94446a18ac3f696d82cbd99ece288224cc8ff08e4ac3d3be0158b9ca137a8
apps/web/public/vendor/valve/video/heroes/primal_beast.webm	dota/heroes/primal_beast.webm	https://prereborn.ru/media/dota/heroes/primal_beast.webm	12512108	0a58e5c689cd91ee90da548be4a7e6d79477b3a8f20f2cc6900fbba4c4c2f301
apps/web/public/vendor/valve/video/heroes/puck.webm	dota/heroes/puck.webm	https://prereborn.ru/media/dota/heroes/puck.webm	12196499	d8dbc14d8bdf018af73bb0badb688b714c9b56734f970baf096e7dbfca2d3385
apps/web/public/vendor/valve/video/heroes/pudge.webm	dota/heroes/pudge.webm	https://prereborn.ru/media/dota/heroes/pudge.webm	1466035	2fffb25ef36f161323c6e37c813875b29d439685f6efccbda9653ec62c999561
apps/web/public/vendor/valve/video/heroes/pugna.webm	dota/heroes/pugna.webm	https://prereborn.ru/media/dota/heroes/pugna.webm	3850915	eb5569ca302356a6b6f572b88263317c040d076e0f46f3ecbd6d1e303173291a
apps/web/public/vendor/valve/video/heroes/queenofpain.webm	dota/heroes/queenofpain.webm	https://prereborn.ru/media/dota/heroes/queenofpain.webm	1546002	1f827e990f6b47513d7151ae50f21af23cc7a56ff7d39a359712eff2cb886833
apps/web/public/vendor/valve/video/heroes/rattletrap.webm	dota/heroes/rattletrap.webm	https://prereborn.ru/media/dota/heroes/rattletrap.webm	2369768	27384fd0363f324d9a390b14b46bc07ffef4f18907d3dc0ee9765b7ff0245681
apps/web/public/vendor/valve/video/heroes/razor.webm	dota/heroes/razor.webm	https://prereborn.ru/media/dota/heroes/razor.webm	5811849	2a42945ad3026edf05ea2c03a782da1d4580bed58b7a3e7b308b620069932d6e
apps/web/public/vendor/valve/video/heroes/riki.webm	dota/heroes/riki.webm	https://prereborn.ru/media/dota/heroes/riki.webm	2622458	d29d33e59349fdc87fd55b803502519ef6d708b79535121d2b19f4a29dd2246f
apps/web/public/vendor/valve/video/heroes/ringmaster.webm	dota/heroes/ringmaster.webm	https://prereborn.ru/media/dota/heroes/ringmaster.webm	20293352	c24e2ae2f6dc5acbdd41cc29189ed397d05350504d84bc4090e6a377182d8ee0
apps/web/public/vendor/valve/video/heroes/rubick.webm	dota/heroes/rubick.webm	https://prereborn.ru/media/dota/heroes/rubick.webm	3593976	b6b90f152310c69737f665f133b0af1e905a40b3fea1e998390644c0ce59338f
apps/web/public/vendor/valve/video/heroes/sand_king.webm	dota/heroes/sand_king.webm	https://prereborn.ru/media/dota/heroes/sand_king.webm	1590920	a9996ed1787c818c3fd679c04bfb9895b3715563108897761cc56a7fcd450bb1
apps/web/public/vendor/valve/video/heroes/shadow_demon.webm	dota/heroes/shadow_demon.webm	https://prereborn.ru/media/dota/heroes/shadow_demon.webm	2909212	3c2907ddea02388c943ff5e7a7458a5088c4df4e42540e446bc57a6045fd6fdb
apps/web/public/vendor/valve/video/heroes/shadow_shaman.webm	dota/heroes/shadow_shaman.webm	https://prereborn.ru/media/dota/heroes/shadow_shaman.webm	4360028	a6def4c434fd7635a5dd25801094fb98e4279fba8f64fc9c72c9a11886d34da6
apps/web/public/vendor/valve/video/heroes/shredder.webm	dota/heroes/shredder.webm	https://prereborn.ru/media/dota/heroes/shredder.webm	8920063	9cdc3a5ddb0c567d40a85b4e85107904420807d9e1cb82a790f77b6117e2716c
apps/web/public/vendor/valve/video/heroes/silencer.webm	dota/heroes/silencer.webm	https://prereborn.ru/media/dota/heroes/silencer.webm	1592140	d4ae9f2655f1f8446d8c72174ab5d1186d239d81aeba97c51dee4109cd5cf4d2
apps/web/public/vendor/valve/video/heroes/skeleton_king.webm	dota/heroes/skeleton_king.webm	https://prereborn.ru/media/dota/heroes/skeleton_king.webm	8948179	e18b84f862b62e854981671739c88e8a80e632130e4f7ff4985c33e114e30362
apps/web/public/vendor/valve/video/heroes/skywrath_mage.webm	dota/heroes/skywrath_mage.webm	https://prereborn.ru/media/dota/heroes/skywrath_mage.webm	3079061	77fee04334bfb80bf4bd8d0ec43147194289af3a2d594ca1807a70b687c4ae4d
apps/web/public/vendor/valve/video/heroes/slardar.webm	dota/heroes/slardar.webm	https://prereborn.ru/media/dota/heroes/slardar.webm	4277987	0a9d3de2be3a0dc8379dafa93f7acbe26c5343111979a22b5a6f5926d5bd770d
apps/web/public/vendor/valve/video/heroes/slark.webm	dota/heroes/slark.webm	https://prereborn.ru/media/dota/heroes/slark.webm	2209030	e5b08b80d02aacb2c4ac4742415d68997c0d27ffd744e9b5921cfd6c1f621004
apps/web/public/vendor/valve/video/heroes/snapfire.webm	dota/heroes/snapfire.webm	https://prereborn.ru/media/dota/heroes/snapfire.webm	5900475	0b7ee01c1c17f7c95b7fee1409815816a7dc2040f3ed0cac187b046da6992936
apps/web/public/vendor/valve/video/heroes/sniper.webm	dota/heroes/sniper.webm	https://prereborn.ru/media/dota/heroes/sniper.webm	5062933	db7eee1239bb0a2ecd9bf56fe01d968203cd1bf8c57be567645b4152e7f7894c
apps/web/public/vendor/valve/video/heroes/spectre.webm	dota/heroes/spectre.webm	https://prereborn.ru/media/dota/heroes/spectre.webm	1906881	e009dfd81bec5d1643f5beef2285bcf511d6d3068c19f6c1a63482b996767b81
apps/web/public/vendor/valve/video/heroes/spirit_breaker.webm	dota/heroes/spirit_breaker.webm	https://prereborn.ru/media/dota/heroes/spirit_breaker.webm	4796586	6cee76c73418091a3da7f432deb0827aecac72ac5e194d85db14c63b9bfa9382
apps/web/public/vendor/valve/video/heroes/storm_spirit.webm	dota/heroes/storm_spirit.webm	https://prereborn.ru/media/dota/heroes/storm_spirit.webm	2112549	21bc9c80110028559771b3add12add4ce78ae784c889ec52b306b0cd1b94a225
apps/web/public/vendor/valve/video/heroes/sven.webm	dota/heroes/sven.webm	https://prereborn.ru/media/dota/heroes/sven.webm	1425229	c892c32f79df6dab9fdc33853f9c5b21370467e24b54cc3852b4d042d6d74356
apps/web/public/vendor/valve/video/heroes/techies.webm	dota/heroes/techies.webm	https://prereborn.ru/media/dota/heroes/techies.webm	3670792	4c3864ddaf780cb3e831e1eed2f525e32dc3784e6d0a065a4529c108ccc42608
apps/web/public/vendor/valve/video/heroes/templar_assassin.webm	dota/heroes/templar_assassin.webm	https://prereborn.ru/media/dota/heroes/templar_assassin.webm	3705526	b9a34d1b47d711900bab154bb29896421f7a3bea1c2cd06b43cc715210c0f2a8
apps/web/public/vendor/valve/video/heroes/terrorblade.webm	dota/heroes/terrorblade.webm	https://prereborn.ru/media/dota/heroes/terrorblade.webm	5745226	d77e9afb8b269157a96095b05a7d10d35337da400457a3a08bd2bf8f28371ae6
apps/web/public/vendor/valve/video/heroes/tidehunter.webm	dota/heroes/tidehunter.webm	https://prereborn.ru/media/dota/heroes/tidehunter.webm	1431974	6c15c7e0d58c56bddd7d7f78423663e26e0a4fccc7f6348fd4d32821a5f0eadb
apps/web/public/vendor/valve/video/heroes/tinker.webm	dota/heroes/tinker.webm	https://prereborn.ru/media/dota/heroes/tinker.webm	2672297	a9319197e3203c6974a43c4d3577ce53c0f559dcbbe258c4c52660d3b3a6bc07
apps/web/public/vendor/valve/video/heroes/tiny.webm	dota/heroes/tiny.webm	https://prereborn.ru/media/dota/heroes/tiny.webm	1456616	f79a867a65ce52c2fb0ef9078892dc59bf4a8b6f2482b3d43c79f0652f8e8d66
apps/web/public/vendor/valve/video/heroes/treant.webm	dota/heroes/treant.webm	https://prereborn.ru/media/dota/heroes/treant.webm	6166521	81c5ce3a2e36010fd852496d2d573489e430389a6f39159f69c488924874972e
apps/web/public/vendor/valve/video/heroes/troll_warlord.webm	dota/heroes/troll_warlord.webm	https://prereborn.ru/media/dota/heroes/troll_warlord.webm	927248	0e6f2faa16a2a3c32cba0e2f431a918587ac0d58b135369bd87b1c453c98f1be
apps/web/public/vendor/valve/video/heroes/tusk.webm	dota/heroes/tusk.webm	https://prereborn.ru/media/dota/heroes/tusk.webm	3339428	7f51d902241b2122d7b6fd740f8be68fd757db7fb9a6ac8568c0aeaf5fdef62e
apps/web/public/vendor/valve/video/heroes/undying.webm	dota/heroes/undying.webm	https://prereborn.ru/media/dota/heroes/undying.webm	1130182	a8001eb7a1cfc817ff74cd2a73440ac5592212e38ec284866323e31a3a4d00b8
apps/web/public/vendor/valve/video/heroes/ursa.webm	dota/heroes/ursa.webm	https://prereborn.ru/media/dota/heroes/ursa.webm	1897273	ac7ae015522173d81da020352606a41617c40a4acdb1e923b81b6483f06adf58
apps/web/public/vendor/valve/video/heroes/vengefulspirit.webm	dota/heroes/vengefulspirit.webm	https://prereborn.ru/media/dota/heroes/vengefulspirit.webm	4845520	b7da46681ed7fe9cdb977f7dacaf21ced9ff77fb82a267b061899fcebcc89b18
apps/web/public/vendor/valve/video/heroes/venomancer.webm	dota/heroes/venomancer.webm	https://prereborn.ru/media/dota/heroes/venomancer.webm	3515243	71782145b7a694c01e1b929067471e489090c469caba653b7245328ee3754ea6
apps/web/public/vendor/valve/video/heroes/viper.webm	dota/heroes/viper.webm	https://prereborn.ru/media/dota/heroes/viper.webm	1433671	bf73ce75538bb37706f136100487379128878a4e5f71337297d5d295dd542de5
apps/web/public/vendor/valve/video/heroes/visage.webm	dota/heroes/visage.webm	https://prereborn.ru/media/dota/heroes/visage.webm	5103927	83c1a449c491cc46efa2644afd64088ab321920f2db25ffb7c2dd833983a1352
apps/web/public/vendor/valve/video/heroes/void_spirit.webm	dota/heroes/void_spirit.webm	https://prereborn.ru/media/dota/heroes/void_spirit.webm	1637478	5ae2e0a321d3a14dec425f80871ddee9dcd929bc8b8a752f42e7269cdd832f26
apps/web/public/vendor/valve/video/heroes/warlock.webm	dota/heroes/warlock.webm	https://prereborn.ru/media/dota/heroes/warlock.webm	4463102	c73ee4753e4876328e8cb3f458e1e40cb98d1bb648702c6ebbea86661db0cbcd
apps/web/public/vendor/valve/video/heroes/weaver.webm	dota/heroes/weaver.webm	https://prereborn.ru/media/dota/heroes/weaver.webm	2046443	051a0700d4a09c4df1fa6b8b670827514a8fbd1e5123c3df3a78015eb5404f0d
apps/web/public/vendor/valve/video/heroes/windrunner.webm	dota/heroes/windrunner.webm	https://prereborn.ru/media/dota/heroes/windrunner.webm	6868168	7fe7cab989ca2f4849218d77969c06bc0a41bcb21d6f5839688339f05713fbf5
apps/web/public/vendor/valve/video/heroes/winter_wyvern.webm	dota/heroes/winter_wyvern.webm	https://prereborn.ru/media/dota/heroes/winter_wyvern.webm	5867198	33d949945c339b8961430992f1a33b4c0f374b75b512fb321a40fbf29701af49
apps/web/public/vendor/valve/video/heroes/wisp.webm	dota/heroes/wisp.webm	https://prereborn.ru/media/dota/heroes/wisp.webm	1634229	784f3ae42781aa88975412a0bdf8da37262e1d863859496cffec5c251acac93f
apps/web/public/vendor/valve/video/heroes/witch_doctor.webm	dota/heroes/witch_doctor.webm	https://prereborn.ru/media/dota/heroes/witch_doctor.webm	1170008	4ec10745f048a634b432db6d3bf44c58b72d7250afd19e9d9dd43cc29a21727f
apps/web/public/vendor/valve/video/heroes/zuus.webm	dota/heroes/zuus.webm	https://prereborn.ru/media/dota/heroes/zuus.webm	2781654	27fc1b472829360a52e94979522ca356716489467a4fa6658972f0e531cc6113
